case_id,amount,transaction_age_days,payment_method,account_age_days,previous_orders,previous_chargebacks,previous_refunds,device_seen_before,location_consistent,velocity_24h,delivered,delivery_confirmed,delivery_age_days,customer_contacted,merchant_response_time_hours,refund_requested,dispute_type,dispute_text
CB-00001,2637.76,4,card,1068,8,0,1,True,True,1,True,True,13,True,7.4,True,PRODUCT_NOT_AS_DESCRIBED,Customer says the product received was different from the listing. The customer mentions asking for their money back. They report that they tried to resolve this with the seller. The order appears in their account history.
CB-00002,1557.34,49,wallet,768,18,1,0,True,True,3,True,True,21,False,3.6,False,PRODUCT_NOT_AS_DESCRIBED,Customer says the product received was different from the listing. The merchant claims there is delivery confirmation. The order appears in their account history.
CB-00003,1473.51,7,wallet,761,19,0,2,False,True,3,True,True,19,False,1.4,False,PRODUCT_NOT_AS_DESCRIBED,Buyer claims the item did not match the description. They refer to the original order.
CB-00004,2838.63,25,upi,1193,11,0,1,True,True,2,True,True,29,False,12.1,False,ITEM_NOT_RECEIVED,Customer reports that the shipment was not received. The seller says delivery was confirmed. The order appears in their account history.
CB-00005,3496.24,53,wallet,978,14,0,0,True,True,6,True,True,16,True,11.3,False,ITEM_NOT_RECEIVED,Customer says the order never arrived. The customer says they previously contacted support.
CB-00006,1098.47,17,wallet,877,12,2,3,True,True,6,True,True,25,False,14.5,False,ITEM_NOT_RECEIVED,Customer says the order never arrived. The seller says delivery was confirmed.
CB-00007,13200.23,74,netbanking,565,17,0,0,True,False,3,True,True,23,False,25.6,False,PRODUCT_NOT_AS_DESCRIBED,Buyer claims the item did not match the description. The merchant claims there is delivery confirmation.
CB-00008,2298.69,93,card,777,7,0,2,True,True,6,True,True,20,True,15.0,True,UNAUTHORIZED_TRANSACTION,Buyer disputes the transaction as unauthorized. The dispute was filed after the expected delivery period. The customer mentions asking for their money back. They mention contacting the merchant.
CB-00009,2220.13,46,upi,965,10,1,3,True,True,1,True,True,18,False,6.9,False,UNAUTHORIZED_TRANSACTION,Customer claims the card payment was not made by them.
CB-00010,477.42,64,upi,832,4,0,4,True,True,2,False,False,0,True,5.4,False,ITEM_NOT_RECEIVED,Customer disputes the transaction claiming the package was not received. They mention contacting the merchant.
CB-00011,2887.28,13,wallet,1025,16,0,2,True,True,3,True,False,25,False,15.0,False,UNAUTHORIZED_TRANSACTION,Customer claims the card payment was not made by them.
CB-00012,7042.09,82,upi,1235,12,0,2,True,True,0,True,True,17,False,2.3,False,PRODUCT_NOT_AS_DESCRIBED,Customer disputes the purchase because the product was not as expected.
CB-00013,4503.32,18,card,895,10,0,0,True,True,2,True,True,28,True,31.5,False,ITEM_NOT_RECEIVED,The buyer says they are still waiting for the delivery. The customer says they previously contacted support. The order appears in their account history.
CB-00014,757.12,11,wallet,838,9,0,2,True,True,3,True,True,28,False,55.3,False,ITEM_NOT_RECEIVED,Customer reports that the shipment was not received.
CB-00015,3876.76,36,netbanking,955,14,1,0,True,True,1,True,True,14,False,14.9,False,ITEM_NOT_RECEIVED,Customer disputes the transaction claiming the package was not received. The dispute was filed after the expected delivery period.
CB-00016,1408.56,37,wallet,870,12,0,3,True,True,3,True,True,22,False,14.5,False,PRODUCT_NOT_AS_DESCRIBED,The buyer says the delivered product was materially different. The order appears in their account history.
CB-00017,1796.88,12,card,855,16,0,1,True,True,2,True,True,19,False,15.0,False,ITEM_NOT_RECEIVED,Customer says the order never arrived. The order appears in their account history.
CB-00018,2293.89,50,card,750,10,0,1,True,False,1,True,True,19,True,4.9,True,UNAUTHORIZED_TRANSACTION,The buyer says they do not recognize this transaction. The customer mentions asking for their money back. The customer says they previously contacted support.
CB-00019,1463.58,59,card,411,11,0,0,False,False,2,True,True,19,False,6.5,False,PRODUCT_NOT_AS_DESCRIBED,Customer disputes the purchase because the product was not as expected. The seller says delivery was confirmed.
CB-00020,8264.53,17,upi,1121,12,0,1,True,True,3,False,False,0,False,13.1,False,UNAUTHORIZED_TRANSACTION,The buyer says they do not recognize this transaction.
CB-00021,2665.73,47,netbanking,735,19,0,1,True,True,0,True,True,26,False,5.7,False,ITEM_NOT_RECEIVED,Customer disputes the transaction claiming the package was not received. The seller says delivery was confirmed.
CB-00022,3740.69,17,upi,707,14,0,1,False,True,1,False,False,0,False,25.2,False,PRODUCT_NOT_AS_DESCRIBED,Buyer claims the item did not match the description.
CB-00023,3203.46,30,upi,674,10,1,5,True,True,6,True,True,20,True,6.3,True,UNAUTHORIZED_TRANSACTION,Customer says they did not authorize this payment. The order appears in their account history. They report that they tried to resolve this with the seller. The customer mentions asking for their money back.
CB-00024,5366.74,19,upi,662,14,1,0,True,True,1,True,True,26,False,28.6,False,ITEM_NOT_RECEIVED,Customer says the order never arrived. They refer to the original order.
CB-00025,2982.23,40,upi,1102,14,0,2,True,True,2,True,True,30,False,14.0,False,PRODUCT_NOT_AS_DESCRIBED,Buyer claims the item did not match the description.
CB-00026,1446.67,33,netbanking,851,15,0,0,False,True,2,True,True,9,True,29.4,True,ITEM_NOT_RECEIVED,Customer reports that the shipment was not received. They mention contacting the merchant. The seller says delivery was confirmed. They say they requested a refund.
CB-00027,3562.63,57,upi,1201,14,0,1,True,True,2,True,True,25,False,8.4,False,ITEM_NOT_RECEIVED,Customer disputes the transaction claiming the package was not received. The order appears in their account history.
CB-00028,1037.94,21,upi,1045,8,0,2,False,True,5,True,True,28,False,34.4,False,ITEM_NOT_RECEIVED,Customer says the order never arrived. The merchant claims there is delivery confirmation. The dispute was filed after the expected delivery period.
CB-00029,1813.8,6,card,1078,12,0,1,False,True,5,True,True,29,False,18.4,False,UNAUTHORIZED_TRANSACTION,Buyer disputes the transaction as unauthorized. They refer to the original order. The merchant claims there is delivery confirmation.
CB-00030,684.91,21,wallet,939,11,0,0,True,True,1,True,True,12,False,31.7,False,ITEM_NOT_RECEIVED,Customer reports that the shipment was not received. The order appears in their account history.
CB-00031,455.1,120,wallet,1123,10,1,1,False,True,7,True,False,18,False,5.1,False,UNAUTHORIZED_TRANSACTION,The buyer says they do not recognize this transaction. The dispute was filed after the expected delivery period.
CB-00032,843.61,6,card,759,10,0,0,True,True,4,True,True,9,False,3.9,False,ITEM_NOT_RECEIVED,Customer says the order never arrived. They refer to the original order.
CB-00033,4380.64,6,upi,757,7,1,2,True,True,4,True,False,13,False,12.5,False,ITEM_NOT_RECEIVED,Customer disputes the transaction claiming the package was not received. They refer to the original order.
CB-00034,2273.49,23,wallet,628,11,0,1,True,True,5,True,True,21,True,5.0,True,ITEM_NOT_RECEIVED,Customer disputes the transaction claiming the package was not received. The customer mentions asking for their money back. The merchant claims there is delivery confirmation. The order appears in their account history. The customer says they previously contacted support.
CB-00035,2497.97,8,upi,1261,13,0,1,True,True,6,True,True,17,False,21.1,False,ITEM_NOT_RECEIVED,Customer disputes the transaction claiming the package was not received. The seller says delivery was confirmed. They refer to the original order.
CB-00036,1929.45,14,wallet,588,12,0,0,True,True,4,True,True,25,True,4.6,False,ITEM_NOT_RECEIVED,Customer says the order never arrived. They refer to the original order. The seller says delivery was confirmed. The customer says they previously contacted support.
CB-00037,1504.0,10,upi,1005,16,0,1,True,True,2,True,True,28,False,5.4,False,UNAUTHORIZED_TRANSACTION,Customer says they did not authorize this payment.
CB-00038,2058.96,45,netbanking,990,13,0,1,True,True,1,True,True,22,True,4.1,True,PRODUCT_NOT_AS_DESCRIBED,Customer says the product received was different from the listing. The customer mentions asking for their money back. They mention contacting the merchant.
CB-00039,6554.63,72,card,1042,9,1,0,True,True,2,True,True,27,False,4.1,False,ITEM_NOT_RECEIVED,Customer disputes the transaction claiming the package was not received. The order appears in their account history.
CB-00040,12351.34,49,wallet,1038,15,0,1,True,True,2,True,True,9,False,21.3,False,ITEM_NOT_RECEIVED,Customer says the order never arrived.
CB-00041,1761.99,63,card,1288,14,1,2,True,True,5,True,True,24,False,10.9,False,PRODUCT_NOT_AS_DESCRIBED,Customer says the product received was different from the listing. The dispute was filed after the expected delivery period.
CB-00042,665.26,20,netbanking,1000,13,0,0,True,True,3,True,True,28,False,32.0,False,UNAUTHORIZED_TRANSACTION,Buyer disputes the transaction as unauthorized. The seller says delivery was confirmed.
CB-00043,1479.45,10,upi,855,7,2,0,False,True,0,True,True,25,True,6.2,True,UNAUTHORIZED_TRANSACTION,Customer claims the card payment was not made by them. The customer mentions asking for their money back. The customer says they previously contacted support.
CB-00044,681.18,24,card,780,13,0,2,True,False,2,True,True,31,False,18.4,False,UNAUTHORIZED_TRANSACTION,Customer says they did not authorize this payment.
CB-00045,2636.33,24,netbanking,1020,15,0,1,True,True,4,True,True,25,False,15.3,False,ITEM_NOT_RECEIVED,Customer says the order never arrived. The merchant claims there is delivery confirmation.
CB-00046,5514.09,13,netbanking,971,11,0,0,False,True,5,True,True,30,False,4.2,False,UNAUTHORIZED_TRANSACTION,Customer says they did not authorize this payment.
CB-00047,3018.38,36,card,901,17,1,0,True,True,1,True,True,21,True,9.1,False,PRODUCT_NOT_AS_DESCRIBED,Buyer claims the item did not match the description. The order appears in their account history. The customer says they previously contacted support.
CB-00048,16512.34,16,netbanking,576,12,0,2,True,True,4,True,True,19,True,14.0,True,UNAUTHORIZED_TRANSACTION,Buyer disputes the transaction as unauthorized. They report that they tried to resolve this with the seller. The customer mentions asking for their money back. The dispute was filed after the expected delivery period.
CB-00049,2691.11,50,card,951,9,0,0,True,False,6,True,True,29,True,24.6,False,UNAUTHORIZED_TRANSACTION,Customer says they did not authorize this payment. The seller says delivery was confirmed. They refer to the original order. They report that they tried to resolve this with the seller.
CB-00050,1258.44,25,wallet,832,12,0,0,True,True,6,True,False,28,False,9.8,False,ITEM_NOT_RECEIVED,Customer reports that the shipment was not received.
CB-00051,1202.08,6,card,1196,16,0,0,True,False,1,True,True,21,False,43.1,False,ITEM_NOT_RECEIVED,Customer disputes the transaction claiming the package was not received.
CB-00052,3855.07,23,upi,732,13,2,1,True,True,0,True,True,23,False,17.4,False,PRODUCT_NOT_AS_DESCRIBED,The buyer says the delivered product was materially different. They refer to the original order. The merchant claims there is delivery confirmation.
CB-00053,2725.42,34,upi,1034,9,2,4,True,True,2,False,False,0,True,7.8,True,ITEM_NOT_RECEIVED,Customer says the order never arrived. The customer mentions asking for their money back. The customer says they previously contacted support.
CB-00054,531.66,29,upi,1141,14,0,1,True,True,4,True,True,20,False,12.6,False,ITEM_NOT_RECEIVED,Customer disputes the transaction claiming the package was not received. The seller says delivery was confirmed.
CB-00055,1306.59,19,upi,608,4,0,2,True,True,6,False,False,0,True,12.1,False,UNAUTHORIZED_TRANSACTION,Customer claims the card payment was not made by them. They mention contacting the merchant.
CB-00056,5555.56,20,card,1082,14,0,1,True,True,4,True,True,17,False,5.9,False,PRODUCT_NOT_AS_DESCRIBED,The buyer says the delivered product was materially different.
CB-00057,2408.55,64,upi,1048,8,0,0,True,True,2,True,True,29,False,13.8,False,ITEM_NOT_RECEIVED,Customer reports that the shipment was not received. The order appears in their account history. The merchant claims there is delivery confirmation.
CB-00058,3196.71,51,netbanking,765,13,0,0,False,True,0,True,True,27,False,5.0,False,UNAUTHORIZED_TRANSACTION,Customer says they did not authorize this payment. The seller says delivery was confirmed.
CB-00059,2280.58,32,netbanking,1230,6,1,6,True,True,2,True,True,17,False,11.9,False,PRODUCT_NOT_AS_DESCRIBED,Customer says the product received was different from the listing. The seller says delivery was confirmed. They refer to the original order.
CB-00060,3418.69,15,wallet,1013,10,0,0,False,True,1,True,True,24,True,10.3,False,ITEM_NOT_RECEIVED,The buyer says they are still waiting for the delivery. They report that they tried to resolve this with the seller. The merchant claims there is delivery confirmation.
CB-00061,5558.31,11,upi,762,18,0,1,True,True,0,True,True,27,True,5.0,True,PRODUCT_NOT_AS_DESCRIBED,Customer disputes the purchase because the product was not as expected. The customer mentions asking for their money back. They mention contacting the merchant. The dispute was filed after the expected delivery period.
CB-00062,3369.68,27,wallet,930,8,1,2,False,True,4,True,False,13,True,7.8,True,UNAUTHORIZED_TRANSACTION,Customer says they did not authorize this payment. The customer mentions asking for their money back. They report that they tried to resolve this with the seller.
CB-00063,3715.74,34,netbanking,899,10,1,1,False,True,4,False,False,0,True,36.4,False,PRODUCT_NOT_AS_DESCRIBED,Customer disputes the purchase because the product was not as expected. They report that they tried to resolve this with the seller.
CB-00064,6519.72,63,netbanking,800,10,0,1,True,True,2,True,True,13,False,5.7,False,UNAUTHORIZED_TRANSACTION,The buyer says they do not recognize this transaction.
CB-00065,929.84,6,wallet,1072,20,0,3,True,True,2,True,True,27,False,11.4,False,ITEM_NOT_RECEIVED,Customer reports that the shipment was not received.
CB-00066,1310.69,69,netbanking,849,15,2,3,True,True,2,True,False,26,True,79.5,True,PRODUCT_NOT_AS_DESCRIBED,The buyer says the delivered product was materially different. They report that they tried to resolve this with the seller. The order appears in their account history. They say they requested a refund.
CB-00067,1659.24,9,wallet,1127,10,0,2,True,True,2,True,True,13,False,4.2,False,UNAUTHORIZED_TRANSACTION,The buyer says they do not recognize this transaction.
CB-00068,1098.2,11,upi,998,8,1,1,True,True,2,True,True,21,False,3.5,False,PRODUCT_NOT_AS_DESCRIBED,Customer says the product received was different from the listing. The dispute was filed after the expected delivery period.
CB-00069,1216.98,12,card,1002,17,0,1,True,True,4,True,True,26,False,13.3,False,UNAUTHORIZED_TRANSACTION,Buyer disputes the transaction as unauthorized. The merchant claims there is delivery confirmation.
CB-00070,6038.11,4,card,1010,11,0,1,True,True,1,True,True,22,False,11.9,False,ITEM_NOT_RECEIVED,Customer says the order never arrived. They refer to the original order.
CB-00071,4914.13,74,wallet,1106,12,0,0,True,True,2,True,True,22,False,8.2,False,ITEM_NOT_RECEIVED,Customer reports that the shipment was not received.
CB-00072,6452.76,32,wallet,696,16,0,1,False,False,4,True,False,31,False,6.3,False,PRODUCT_NOT_AS_DESCRIBED,The buyer says the delivered product was materially different. The order appears in their account history.
CB-00073,8289.89,18,card,1066,13,0,3,True,True,1,True,True,12,False,57.7,False,PRODUCT_NOT_AS_DESCRIBED,Customer says the product received was different from the listing. The seller says delivery was confirmed.
CB-00074,2636.49,10,upi,866,12,0,0,True,True,4,True,False,29,True,5.9,False,ITEM_NOT_RECEIVED,Customer says the order never arrived. The customer says they previously contacted support. They refer to the original order.
CB-00075,2100.41,35,wallet,785,10,0,0,True,True,0,True,True,30,True,24.3,True,UNAUTHORIZED_TRANSACTION,The buyer says they do not recognize this transaction. They mention contacting the merchant. The order appears in their account history. The customer mentions asking for their money back.
CB-00076,8696.1,43,upi,792,12,2,0,True,True,3,True,True,29,True,41.9,True,PRODUCT_NOT_AS_DESCRIBED,Customer disputes the purchase because the product was not as expected. The seller says delivery was confirmed. The customer says they previously contacted support. They say they requested a refund.
CB-00077,1692.05,12,upi,669,11,1,1,True,False,1,True,False,19,False,35.4,False,ITEM_NOT_RECEIVED,Customer disputes the transaction claiming the package was not received. The order appears in their account history.
CB-00078,1672.73,28,upi,540,19,0,0,True,True,2,True,True,20,False,15.6,False,PRODUCT_NOT_AS_DESCRIBED,Customer says the product received was different from the listing. They refer to the original order.
CB-00079,2096.6,35,card,962,14,0,4,True,False,0,True,True,17,True,4.3,False,UNAUTHORIZED_TRANSACTION,Buyer disputes the transaction as unauthorized. The dispute was filed after the expected delivery period. The customer says they previously contacted support.
CB-00080,8157.84,21,wallet,936,8,0,1,False,True,6,True,True,26,True,13.1,False,PRODUCT_NOT_AS_DESCRIBED,The buyer says the delivered product was materially different. They mention contacting the merchant. The seller says delivery was confirmed.
CB-00081,10475.42,30,upi,656,22,0,0,True,True,2,True,True,31,False,8.2,False,PRODUCT_NOT_AS_DESCRIBED,The buyer says the delivered product was materially different. They refer to the original order. The seller says delivery was confirmed.
CB-00082,340.35,16,wallet,995,15,0,0,True,True,2,True,True,14,False,16.6,False,PRODUCT_NOT_AS_DESCRIBED,Buyer claims the item did not match the description.
CB-00083,1815.77,30,card,1095,13,0,1,True,True,3,True,True,22,False,15.4,False,PRODUCT_NOT_AS_DESCRIBED,The buyer says the delivered product was materially different.
CB-00084,4910.69,34,wallet,695,10,0,0,True,True,2,True,True,14,True,15.8,True,ITEM_NOT_RECEIVED,Customer disputes the transaction claiming the package was not received. The customer says they previously contacted support. The seller says delivery was confirmed. They say they requested a refund. They refer to the original order.
CB-00085,1799.89,16,wallet,996,11,0,1,True,True,1,True,True,23,False,7.1,False,UNAUTHORIZED_TRANSACTION,Customer claims the card payment was not made by them. The merchant claims there is delivery confirmation.
CB-00086,1723.34,12,upi,783,10,1,1,True,True,3,False,False,0,True,19.5,False,UNAUTHORIZED_TRANSACTION,Customer says they did not authorize this payment. They report that they tried to resolve this with the seller.
CB-00087,4322.16,34,card,1131,15,0,0,True,True,2,True,True,31,True,28.3,True,ITEM_NOT_RECEIVED,Customer disputes the transaction claiming the package was not received. They say they requested a refund. They mention contacting the merchant. The seller says delivery was confirmed.
CB-00088,629.4,49,upi,792,17,0,2,True,True,2,True,True,14,False,31.7,False,PRODUCT_NOT_AS_DESCRIBED,The buyer says the delivered product was materially different.
CB-00089,3472.11,111,card,362,6,2,4,True,True,3,True,True,26,False,28.9,False,ITEM_NOT_RECEIVED,Customer disputes the transaction claiming the package was not received. The merchant claims there is delivery confirmation.
CB-00090,5034.76,35,wallet,1173,8,2,2,True,True,1,True,True,25,False,5.3,False,UNAUTHORIZED_TRANSACTION,The buyer says they do not recognize this transaction. The merchant claims there is delivery confirmation.
CB-00091,572.95,8,netbanking,1284,20,1,1,True,True,1,True,True,18,False,67.8,False,ITEM_NOT_RECEIVED,Customer says the order never arrived.
CB-00092,12085.96,19,netbanking,737,19,2,1,True,True,3,True,False,28,True,7.5,True,ITEM_NOT_RECEIVED,Customer reports that the shipment was not received. The dispute was filed after the expected delivery period. They report that they tried to resolve this with the seller. The customer mentions asking for their money back.
CB-00093,3254.85,24,wallet,669,14,0,0,True,True,3,True,True,25,True,8.2,True,UNAUTHORIZED_TRANSACTION,Customer says they did not authorize this payment. The customer mentions asking for their money back. The customer says they previously contacted support.
CB-00094,1525.71,43,upi,864,7,0,2,False,True,2,True,True,23,False,9.4,False,UNAUTHORIZED_TRANSACTION,Customer claims the card payment was not made by them.
CB-00095,2275.9,26,wallet,690,18,0,0,True,True,2,True,True,13,False,2.0,False,UNAUTHORIZED_TRANSACTION,The buyer says they do not recognize this transaction.
CB-00096,3488.91,71,upi,1098,14,0,0,True,True,1,True,True,34,False,12.6,False,UNAUTHORIZED_TRANSACTION,Customer says they did not authorize this payment. They refer to the original order. The seller says delivery was confirmed.
CB-00097,1432.34,14,card,651,11,0,1,True,True,2,True,True,16,True,35.0,False,UNAUTHORIZED_TRANSACTION,The buyer says they do not recognize this transaction. The customer says they previously contacted support. The seller says delivery was confirmed. The order appears in their account history.
CB-00098,4952.76,37,netbanking,1002,13,0,1,True,True,4,True,True,26,False,7.2,False,PRODUCT_NOT_AS_DESCRIBED,Customer says the product received was different from the listing. The merchant claims there is delivery confirmation.
CB-00099,2890.88,88,wallet,929,8,1,0,False,True,6,True,True,15,False,23.1,False,PRODUCT_NOT_AS_DESCRIBED,The buyer says the delivered product was materially different. The seller says delivery was confirmed.
CB-00100,2823.32,27,wallet,880,9,1,2,True,True,4,True,False,38,True,76.0,False,PRODUCT_NOT_AS_DESCRIBED,The buyer says the delivered product was materially different. They mention contacting the merchant. The order appears in their account history.
CB-00101,3501.93,19,upi,535,4,0,0,True,False,2,True,True,33,True,22.9,True,PRODUCT_NOT_AS_DESCRIBED,Customer disputes the purchase because the product was not as expected. They report that they tried to resolve this with the seller. The customer mentions asking for their money back. The seller says delivery was confirmed. The dispute was filed after the expected delivery period.
CB-00102,1453.2,11,netbanking,716,5,0,1,True,True,2,True,False,23,True,9.2,True,UNAUTHORIZED_TRANSACTION,Customer claims the card payment was not made by them. They mention contacting the merchant. They say they requested a refund.
CB-00103,412.09,13,upi,1033,14,0,1,True,True,2,True,False,18,True,16.7,True,ITEM_NOT_RECEIVED,Customer disputes the transaction claiming the package was not received. They mention contacting the merchant. The customer mentions asking for their money back. The dispute was filed after the expected delivery period.
CB-00104,2924.97,21,upi,891,11,0,1,True,True,3,False,False,0,False,4.9,False,ITEM_NOT_RECEIVED,The buyer says they are still waiting for the delivery.
CB-00105,1829.01,38,netbanking,766,5,0,0,True,False,2,True,True,28,False,13.5,False,ITEM_NOT_RECEIVED,Customer disputes the transaction claiming the package was not received. The dispute was filed after the expected delivery period.
CB-00106,3414.0,15,card,698,13,0,4,False,True,3,True,True,17,True,25.9,False,UNAUTHORIZED_TRANSACTION,Customer says they did not authorize this payment. They report that they tried to resolve this with the seller. The order appears in their account history.
CB-00107,888.98,21,card,1137,7,3,1,True,True,2,True,True,27,True,15.8,False,ITEM_NOT_RECEIVED,The buyer says they are still waiting for the delivery. The customer says they previously contacted support. The merchant claims there is delivery confirmation. They refer to the original order.
CB-00108,3325.26,22,card,473,14,0,2,True,True,1,False,False,0,False,12.3,False,ITEM_NOT_RECEIVED,Customer reports that the shipment was not received.
CB-00109,948.23,14,card,775,15,1,2,True,True,2,True,False,25,True,70.0,True,UNAUTHORIZED_TRANSACTION,Customer says they did not authorize this payment. They mention contacting the merchant. They say they requested a refund.
CB-00110,1368.61,41,upi,994,7,1,1,True,True,2,True,True,17,False,38.9,False,ITEM_NOT_RECEIVED,Customer says the order never arrived. The merchant claims there is delivery confirmation.
CB-00111,4042.49,7,wallet,772,11,0,1,False,True,2,True,True,17,True,21.9,True,PRODUCT_NOT_AS_DESCRIBED,The buyer says the delivered product was materially different. The customer says they previously contacted support. The customer mentions asking for their money back.
CB-00112,2834.67,30,card,942,11,0,2,False,True,0,True,True,21,False,15.5,False,PRODUCT_NOT_AS_DESCRIBED,Customer says the product received was different from the listing. The merchant claims there is delivery confirmation.
CB-00113,2101.32,20,card,952,10,0,0,True,True,3,True,True,19,False,10.6,False,UNAUTHORIZED_TRANSACTION,Buyer disputes the transaction as unauthorized. The dispute was filed after the expected delivery period. The merchant claims there is delivery confirmation.
CB-00114,612.51,27,wallet,792,9,1,2,True,False,1,True,True,18,False,15.6,False,UNAUTHORIZED_TRANSACTION,Customer claims the card payment was not made by them. They refer to the original order.
CB-00115,6543.12,24,wallet,1014,8,1,0,True,True,7,True,True,20,True,2.0,False,PRODUCT_NOT_AS_DESCRIBED,Customer says the product received was different from the listing. They refer to the original order. They report that they tried to resolve this with the seller.
CB-00116,2090.42,32,card,917,9,1,0,True,True,2,False,False,0,True,12.4,False,UNAUTHORIZED_TRANSACTION,Buyer disputes the transaction as unauthorized. They report that they tried to resolve this with the seller.
CB-00117,1126.18,35,netbanking,938,10,0,0,True,True,4,False,False,0,True,46.7,False,ITEM_NOT_RECEIVED,Customer disputes the transaction claiming the package was not received. They mention contacting the merchant.
CB-00118,926.04,13,upi,887,6,2,4,True,True,3,True,True,29,False,8.0,False,ITEM_NOT_RECEIVED,The buyer says they are still waiting for the delivery.
CB-00119,2798.59,23,wallet,1098,25,1,1,True,False,2,True,True,29,False,7.0,False,UNAUTHORIZED_TRANSACTION,Customer says they did not authorize this payment. They refer to the original order.
CB-00120,412.96,47,wallet,1022,12,1,1,True,False,2,False,False,0,False,19.3,False,UNAUTHORIZED_TRANSACTION,The buyer says they do not recognize this transaction.
CB-00121,995.42,38,card,1068,22,0,0,True,True,4,True,True,26,True,3.9,False,ITEM_NOT_RECEIVED,Customer reports that the shipment was not received. They refer to the original order. They report that they tried to resolve this with the seller. The merchant claims there is delivery confirmation.
CB-00122,2612.53,25,netbanking,751,14,1,1,True,False,5,True,True,15,True,35.6,True,PRODUCT_NOT_AS_DESCRIBED,Customer says the product received was different from the listing. The seller says delivery was confirmed. The customer mentions asking for their money back. They mention contacting the merchant.
CB-00123,3839.34,16,wallet,828,9,0,1,True,False,3,True,True,22,True,14.5,False,PRODUCT_NOT_AS_DESCRIBED,Customer says the product received was different from the listing. The merchant claims there is delivery confirmation. They refer to the original order. The customer says they previously contacted support.
CB-00124,6537.44,26,wallet,743,6,1,0,True,False,2,False,False,0,False,6.1,False,UNAUTHORIZED_TRANSACTION,Customer claims the card payment was not made by them.
CB-00125,5794.52,46,wallet,956,14,0,0,True,True,3,True,True,33,True,8.0,True,PRODUCT_NOT_AS_DESCRIBED,Customer says the product received was different from the listing. The seller says delivery was confirmed. They say they requested a refund. They refer to the original order. The customer says they previously contacted support.
CB-00126,9484.33,36,card,564,16,1,0,True,True,3,True,True,26,True,16.5,False,UNAUTHORIZED_TRANSACTION,Buyer disputes the transaction as unauthorized. They refer to the original order. They report that they tried to resolve this with the seller.
CB-00127,1078.87,9,netbanking,656,8,1,0,True,True,7,True,False,26,True,18.6,False,ITEM_NOT_RECEIVED,Customer disputes the transaction claiming the package was not received. The customer says they previously contacted support. The dispute was filed after the expected delivery period.
CB-00128,2119.22,28,card,775,10,1,4,True,True,2,True,False,21,False,8.7,False,ITEM_NOT_RECEIVED,Customer disputes the transaction claiming the package was not received.
CB-00129,2232.21,50,card,897,14,1,0,True,True,4,True,True,24,True,14.8,False,UNAUTHORIZED_TRANSACTION,The buyer says they do not recognize this transaction. The order appears in their account history. They mention contacting the merchant. The merchant claims there is delivery confirmation.
CB-00130,3002.89,56,netbanking,788,20,0,1,True,False,4,True,True,17,True,13.5,True,UNAUTHORIZED_TRANSACTION,Customer claims the card payment was not made by them. The merchant claims there is delivery confirmation. The customer says they previously contacted support. The customer mentions asking for their money back.
CB-00131,3151.81,22,upi,791,6,0,2,True,True,1,True,True,21,False,14.0,False,PRODUCT_NOT_AS_DESCRIBED,Customer says the product received was different from the listing. The seller says delivery was confirmed. They refer to the original order.
CB-00132,1160.87,35,netbanking,831,12,0,0,False,True,2,True,True,27,False,31.6,False,UNAUTHORIZED_TRANSACTION,The buyer says they do not recognize this transaction. The seller says delivery was confirmed.
CB-00133,4290.27,33,netbanking,1234,16,0,2,True,True,1,True,True,24,False,26.1,False,UNAUTHORIZED_TRANSACTION,The buyer says they do not recognize this transaction. They refer to the original order.
CB-00134,4867.32,29,upi,918,9,1,2,True,True,2,True,True,25,False,2.3,False,PRODUCT_NOT_AS_DESCRIBED,The buyer says the delivered product was materially different. They refer to the original order. The seller says delivery was confirmed.
CB-00135,1139.25,2,upi,1061,10,0,0,True,True,3,True,True,41,True,12.6,False,UNAUTHORIZED_TRANSACTION,The buyer says they do not recognize this transaction. The merchant claims there is delivery confirmation. They mention contacting the merchant. The dispute was filed after the expected delivery period.
CB-00136,3806.49,36,wallet,693,4,2,1,True,True,3,True,True,29,False,21.5,False,PRODUCT_NOT_AS_DESCRIBED,Customer says the product received was different from the listing. The merchant claims there is delivery confirmation.
CB-00137,908.7,22,wallet,779,14,2,2,True,True,2,True,True,25,False,17.8,False,ITEM_NOT_RECEIVED,The buyer says they are still waiting for the delivery. The dispute was filed after the expected delivery period. The merchant claims there is delivery confirmation.
CB-00138,3736.14,53,wallet,976,13,0,0,True,True,1,True,True,22,False,4.5,False,PRODUCT_NOT_AS_DESCRIBED,Customer disputes the purchase because the product was not as expected.
CB-00139,2268.04,60,card,1031,10,0,0,True,False,0,False,False,0,False,21.5,False,UNAUTHORIZED_TRANSACTION,Customer says they did not authorize this payment.
CB-00140,2226.6,13,netbanking,942,7,2,2,True,False,0,True,False,19,False,3.9,False,ITEM_NOT_RECEIVED,Customer disputes the transaction claiming the package was not received.
CB-00141,5533.24,11,card,923,11,1,0,True,True,1,True,True,21,False,5.7,False,UNAUTHORIZED_TRANSACTION,Customer says they did not authorize this payment. The merchant claims there is delivery confirmation. The dispute was filed after the expected delivery period.
CB-00142,2178.16,44,card,940,12,0,0,True,True,1,True,True,32,False,6.4,False,UNAUTHORIZED_TRANSACTION,Customer claims the card payment was not made by them. The seller says delivery was confirmed. They refer to the original order.
CB-00143,3606.54,31,upi,1198,16,0,0,True,True,1,True,True,25,False,22.0,False,ITEM_NOT_RECEIVED,Customer says the order never arrived. The merchant claims there is delivery confirmation.
CB-00144,1864.61,12,upi,857,21,0,1,True,True,4,False,False,0,False,17.6,False,UNAUTHORIZED_TRANSACTION,Buyer disputes the transaction as unauthorized.
CB-00145,1790.25,3,netbanking,1112,13,0,1,True,True,2,True,True,15,True,10.3,False,UNAUTHORIZED_TRANSACTION,The buyer says they do not recognize this transaction. The customer says they previously contacted support.
CB-00146,1964.22,43,netbanking,962,9,0,0,False,False,1,True,False,17,False,4.2,False,UNAUTHORIZED_TRANSACTION,Buyer disputes the transaction as unauthorized. They refer to the original order.
CB-00147,859.08,13,netbanking,835,9,0,0,True,True,2,True,True,19,True,4.7,False,PRODUCT_NOT_AS_DESCRIBED,The buyer says the delivered product was materially different. The seller says delivery was confirmed. They report that they tried to resolve this with the seller. They refer to the original order.
CB-00148,1075.64,41,wallet,931,13,0,0,True,True,0,True,True,30,False,36.8,False,ITEM_NOT_RECEIVED,The buyer says they are still waiting for the delivery.
CB-00149,7508.32,38,card,600,15,1,0,True,True,3,True,True,30,False,2.0,False,UNAUTHORIZED_TRANSACTION,The buyer says they do not recognize this transaction. The dispute was filed after the expected delivery period.
CB-00150,4189.7,53,card,546,13,0,1,True,True,2,True,True,22,True,18.5,True,PRODUCT_NOT_AS_DESCRIBED,The buyer says the delivered product was materially different. The customer says they previously contacted support. They say they requested a refund. The merchant claims there is delivery confirmation.
CB-00151,5956.6,60,upi,838,11,0,1,True,True,0,False,False,0,True,12.3,False,PRODUCT_NOT_AS_DESCRIBED,Customer says the product received was different from the listing. They report that they tried to resolve this with the seller.
CB-00152,11356.97,22,card,1066,9,0,2,True,True,1,True,False,34,True,3.8,True,PRODUCT_NOT_AS_DESCRIBED,Customer disputes the purchase because the product was not as expected. They say they requested a refund. The customer says they previously contacted support.
CB-00153,1938.99,20,netbanking,884,12,0,2,True,True,2,True,True,24,False,25.7,False,ITEM_NOT_RECEIVED,The buyer says they are still waiting for the delivery. The merchant claims there is delivery confirmation.
CB-00154,1790.52,44,netbanking,842,8,0,2,True,False,2,True,True,15,False,4.2,False,PRODUCT_NOT_AS_DESCRIBED,Customer disputes the purchase because the product was not as expected. The seller says delivery was confirmed.
CB-00155,1629.92,14,netbanking,861,12,0,1,True,False,4,True,True,24,True,23.8,True,UNAUTHORIZED_TRANSACTION,Customer says they did not authorize this payment. The customer says they previously contacted support. They say they requested a refund. The order appears in their account history.
CB-00156,1655.55,40,netbanking,977,13,0,1,True,True,3,True,True,30,False,11.6,False,PRODUCT_NOT_AS_DESCRIBED,Customer says the product received was different from the listing. The merchant claims there is delivery confirmation.
CB-00157,2565.78,6,netbanking,862,10,0,0,True,True,4,True,True,21,False,20.7,False,UNAUTHORIZED_TRANSACTION,Customer claims the card payment was not made by them.
CB-00158,2091.06,53,card,1462,16,0,1,True,True,2,True,True,20,False,52.1,False,UNAUTHORIZED_TRANSACTION,Buyer disputes the transaction as unauthorized. The dispute was filed after the expected delivery period.
CB-00159,737.87,74,netbanking,928,10,0,1,True,True,4,True,True,18,False,4.5,False,PRODUCT_NOT_AS_DESCRIBED,Buyer claims the item did not match the description.
CB-00160,637.47,18,netbanking,614,9,0,2,True,True,5,True,True,34,False,64.0,False,UNAUTHORIZED_TRANSACTION,The buyer says they do not recognize this transaction. The order appears in their account history.
CB-00161,1631.63,35,wallet,1180,9,0,1,True,True,3,True,True,18,False,5.5,False,UNAUTHORIZED_TRANSACTION,Customer says they did not authorize this payment. The dispute was filed after the expected delivery period. The seller says delivery was confirmed.
CB-00162,2437.34,26,wallet,1045,12,0,1,True,True,4,True,True,16,False,20.8,False,PRODUCT_NOT_AS_DESCRIBED,Buyer claims the item did not match the description.
CB-00163,1040.53,36,wallet,825,14,1,0,True,True,3,True,True,27,False,28.9,False,UNAUTHORIZED_TRANSACTION,Customer claims the card payment was not made by them. The seller says delivery was confirmed. They refer to the original order.
CB-00164,1278.39,17,card,648,11,0,0,True,True,5,True,True,19,False,2.0,False,UNAUTHORIZED_TRANSACTION,Customer claims the card payment was not made by them.
CB-00165,1703.14,36,card,991,13,0,0,False,True,2,True,True,21,False,31.9,False,UNAUTHORIZED_TRANSACTION,The buyer says they do not recognize this transaction. The order appears in their account history.
CB-00166,1415.62,30,card,1001,11,0,0,True,True,3,True,True,19,False,18.7,False,UNAUTHORIZED_TRANSACTION,Buyer disputes the transaction as unauthorized.
CB-00167,1529.99,25,card,580,21,0,1,True,True,1,False,False,0,True,10.7,True,ITEM_NOT_RECEIVED,The buyer says they are still waiting for the delivery. They say they requested a refund. They mention contacting the merchant.
CB-00168,3056.49,8,upi,854,9,0,1,False,True,1,True,False,28,False,16.4,False,ITEM_NOT_RECEIVED,Customer disputes the transaction claiming the package was not received.
CB-00169,7194.59,9,netbanking,914,14,0,1,True,True,1,True,False,16,False,31.3,False,ITEM_NOT_RECEIVED,Customer disputes the transaction claiming the package was not received.
CB-00170,5976.71,46,card,928,7,1,1,True,True,3,True,False,21,True,5.4,False,PRODUCT_NOT_AS_DESCRIBED,Customer disputes the purchase because the product was not as expected. They mention contacting the merchant.
CB-00171,1008.77,34,netbanking,722,20,0,1,True,True,2,True,True,24,False,17.2,False,PRODUCT_NOT_AS_DESCRIBED,Buyer claims the item did not match the description. The seller says delivery was confirmed. The order appears in their account history.
CB-00172,10420.67,14,netbanking,1114,13,0,3,True,True,3,True,True,28,False,8.4,False,PRODUCT_NOT_AS_DESCRIBED,Customer says the product received was different from the listing. The seller says delivery was confirmed. The order appears in their account history.
CB-00173,17697.62,11,card,904,11,0,1,True,True,3,True,True,19,True,8.9,True,PRODUCT_NOT_AS_DESCRIBED,The buyer says the delivered product was materially different. The customer mentions asking for their money back. The customer says they previously contacted support. The merchant claims there is delivery confirmation.
CB-00174,757.13,25,netbanking,1101,10,1,0,True,True,1,True,True,27,False,6.8,False,PRODUCT_NOT_AS_DESCRIBED,The buyer says the delivered product was materially different. The seller says delivery was confirmed.
CB-00175,1153.76,57,wallet,851,8,0,0,True,True,2,True,True,9,False,10.8,False,UNAUTHORIZED_TRANSACTION,Customer says they did not authorize this payment. They refer to the original order. The merchant claims there is delivery confirmation.
CB-00176,889.26,43,upi,827,7,1,1,True,True,4,True,False,20,True,2.3,True,PRODUCT_NOT_AS_DESCRIBED,Customer says the product received was different from the listing. They mention contacting the merchant. The customer mentions asking for their money back.
CB-00177,4891.45,21,netbanking,838,14,0,1,True,True,4,True,True,23,False,46.5,False,UNAUTHORIZED_TRANSACTION,The buyer says they do not recognize this transaction. The merchant claims there is delivery confirmation.
CB-00178,1493.31,11,upi,245,8,1,2,False,True,2,True,True,29,False,11.0,False,PRODUCT_NOT_AS_DESCRIBED,The buyer says the delivered product was materially different. The order appears in their account history. The seller says delivery was confirmed.
CB-00179,2478.18,52,card,585,10,0,1,True,True,3,True,True,18,True,2.4,False,UNAUTHORIZED_TRANSACTION,Customer claims the card payment was not made by them. The customer says they previously contacted support. They refer to the original order. The merchant claims there is delivery confirmation.
CB-00180,3912.07,25,card,286,2,1,3,True,True,3,True,True,34,True,6.8,False,ITEM_NOT_RECEIVED,Customer says the order never arrived. The dispute was filed after the expected delivery period. They mention contacting the merchant.
CB-00181,1461.76,73,card,957,18,2,1,True,True,1,True,True,17,False,8.0,False,PRODUCT_NOT_AS_DESCRIBED,Customer disputes the purchase because the product was not as expected. The seller says delivery was confirmed.
CB-00182,955.64,12,card,994,19,0,2,True,True,5,True,True,17,False,11.6,False,PRODUCT_NOT_AS_DESCRIBED,Customer disputes the purchase because the product was not as expected. The merchant claims there is delivery confirmation.
CB-00183,780.46,7,wallet,733,12,0,3,False,True,6,True,True,33,True,20.3,True,ITEM_NOT_RECEIVED,Customer disputes the transaction claiming the package was not received. The customer mentions asking for their money back. They mention contacting the merchant. The seller says delivery was confirmed.
CB-00184,3000.17,12,card,1283,19,0,0,True,True,5,True,False,21,True,12.1,False,UNAUTHORIZED_TRANSACTION,Customer claims the card payment was not made by them. They mention contacting the merchant. The dispute was filed after the expected delivery period.
CB-00185,587.15,13,netbanking,1106,13,0,0,True,True,1,False,False,0,False,8.3,False,UNAUTHORIZED_TRANSACTION,Customer says they did not authorize this payment.
CB-00186,604.83,42,upi,813,12,0,0,True,True,6,True,True,21,False,12.2,False,ITEM_NOT_RECEIVED,Customer reports that the shipment was not received. The dispute was filed after the expected delivery period.
CB-00187,800.93,13,card,579,7,1,0,True,True,0,True,True,28,True,4.4,True,ITEM_NOT_RECEIVED,Customer disputes the transaction claiming the package was not received. The customer mentions asking for their money back. The order appears in their account history. The seller says delivery was confirmed. The customer says they previously contacted support.
CB-00188,3813.2,15,card,1079,13,0,1,True,False,0,True,True,14,False,5.2,False,ITEM_NOT_RECEIVED,Customer says the order never arrived. The dispute was filed after the expected delivery period. The seller says delivery was confirmed.
CB-00189,4684.93,4,upi,911,16,0,0,True,True,3,True,True,24,False,13.0,False,UNAUTHORIZED_TRANSACTION,Customer says they did not authorize this payment. The order appears in their account history. The seller says delivery was confirmed.
CB-00190,1284.06,69,upi,662,19,1,1,True,True,1,True,True,30,True,26.6,False,ITEM_NOT_RECEIVED,Customer reports that the shipment was not received. The merchant claims there is delivery confirmation. The order appears in their account history. They report that they tried to resolve this with the seller.
CB-00191,2253.75,34,netbanking,1004,7,0,1,True,True,1,True,True,31,True,44.4,True,UNAUTHORIZED_TRANSACTION,Customer says they did not authorize this payment. The customer mentions asking for their money back. They mention contacting the merchant. The seller says delivery was confirmed.
CB-00192,2051.97,51,netbanking,739,16,0,0,True,True,5,True,True,17,False,10.2,False,PRODUCT_NOT_AS_DESCRIBED,Customer says the product received was different from the listing. The dispute was filed after the expected delivery period. The merchant claims there is delivery confirmation.
CB-00193,534.65,71,netbanking,848,12,0,2,True,True,0,True,True,15,False,24.2,False,ITEM_NOT_RECEIVED,Customer reports that the shipment was not received.
CB-00194,637.09,57,netbanking,636,15,0,0,True,True,3,True,False,24,False,18.3,False,UNAUTHORIZED_TRANSACTION,Customer says they did not authorize this payment. They refer to the original order.
CB-00195,902.18,79,wallet,1237,13,0,0,False,True,4,True,True,20,False,21.5,False,ITEM_NOT_RECEIVED,The buyer says they are still waiting for the delivery. The seller says delivery was confirmed. The order appears in their account history.
CB-00196,2474.59,79,netbanking,1011,12,0,0,False,True,3,True,True,21,True,120.0,False,UNAUTHORIZED_TRANSACTION,Customer claims the card payment was not made by them. The order appears in their account history. They mention contacting the merchant. The merchant claims there is delivery confirmation.
CB-00197,1688.67,40,netbanking,764,11,1,2,False,True,1,False,False,0,False,21.3,False,UNAUTHORIZED_TRANSACTION,Buyer disputes the transaction as unauthorized.
CB-00198,4336.98,22,card,912,13,0,0,True,True,4,True,False,34,False,4.0,False,ITEM_NOT_RECEIVED,Customer disputes the transaction claiming the package was not received. The order appears in their account history.
CB-00199,1033.14,10,upi,757,17,0,1,True,True,2,True,True,33,False,9.0,False,PRODUCT_NOT_AS_DESCRIBED,Customer says the product received was different from the listing. The dispute was filed after the expected delivery period. The seller says delivery was confirmed.
CB-00200,5940.65,12,netbanking,747,16,0,1,False,True,1,False,False,0,False,13.3,False,PRODUCT_NOT_AS_DESCRIBED,Buyer claims the item did not match the description.
CB-00201,2963.12,43,card,917,8,0,0,False,True,4,True,True,26,False,19.3,False,UNAUTHORIZED_TRANSACTION,The buyer says they do not recognize this transaction. They refer to the original order.
CB-00202,6451.18,25,card,782,9,0,0,True,True,3,True,True,20,True,5.4,False,PRODUCT_NOT_AS_DESCRIBED,Customer disputes the purchase because the product was not as expected. They report that they tried to resolve this with the seller. The merchant claims there is delivery confirmation. They refer to the original order.
CB-00203,800.48,12,card,1106,12,0,0,True,True,3,True,True,22,False,47.9,False,ITEM_NOT_RECEIVED,Customer reports that the shipment was not received. The dispute was filed after the expected delivery period.
CB-00204,1511.74,19,card,360,22,0,1,False,True,1,True,True,20,False,4.5,False,PRODUCT_NOT_AS_DESCRIBED,The buyer says the delivered product was materially different.
CB-00205,1126.09,27,netbanking,895,13,0,0,True,True,0,True,False,27,False,35.3,False,ITEM_NOT_RECEIVED,Customer reports that the shipment was not received.
CB-00206,605.11,17,wallet,1056,12,0,0,True,True,1,True,True,14,True,3.8,False,ITEM_NOT_RECEIVED,Customer says the order never arrived. The merchant claims there is delivery confirmation. The customer says they previously contacted support.
CB-00207,6448.41,47,wallet,888,10,1,1,True,False,0,True,True,23,True,1.0,True,ITEM_NOT_RECEIVED,Customer reports that the shipment was not received. The seller says delivery was confirmed. They say they requested a refund. They refer to the original order. They report that they tried to resolve this with the seller.
CB-00208,1063.61,74,netbanking,862,9,0,1,True,True,1,True,False,9,True,61.6,True,ITEM_NOT_RECEIVED,Customer says the order never arrived. The customer mentions asking for their money back. They report that they tried to resolve this with the seller. The dispute was filed after the expected delivery period.
CB-00209,1318.8,32,card,917,11,0,0,True,True,5,False,False,0,False,7.7,False,UNAUTHORIZED_TRANSACTION,Buyer disputes the transaction as unauthorized.
CB-00210,3870.93,28,netbanking,828,13,1,1,True,True,5,True,True,21,False,12.7,False,UNAUTHORIZED_TRANSACTION,The buyer says they do not recognize this transaction. The dispute was filed after the expected delivery period.
CB-00211,1037.94,27,wallet,1033,13,0,1,True,True,2,True,True,18,False,5.5,False,UNAUTHORIZED_TRANSACTION,Customer claims the card payment was not made by them.
CB-00212,525.37,40,card,905,19,1,1,False,True,1,True,True,28,False,37.4,False,PRODUCT_NOT_AS_DESCRIBED,The buyer says the delivered product was materially different. The seller says delivery was confirmed.
CB-00213,1026.84,20,upi,867,17,0,0,True,False,1,True,False,29,True,3.1,False,ITEM_NOT_RECEIVED,The buyer says they are still waiting for the delivery. The order appears in their account history. The customer says they previously contacted support.
CB-00214,760.53,16,netbanking,1129,15,0,2,True,True,2,True,True,17,True,11.2,True,ITEM_NOT_RECEIVED,Customer says the order never arrived. They say they requested a refund. They report that they tried to resolve this with the seller.
CB-00215,2944.89,10,wallet,1156,11,0,0,True,True,1,True,False,27,True,6.9,False,PRODUCT_NOT_AS_DESCRIBED,Buyer claims the item did not match the description. The dispute was filed after the expected delivery period. They mention contacting the merchant.
CB-00216,2056.92,3,wallet,1298,15,0,0,True,True,1,True,True,24,False,45.1,False,PRODUCT_NOT_AS_DESCRIBED,Customer says the product received was different from the listing. The dispute was filed after the expected delivery period.
CB-00217,991.04,19,netbanking,1043,13,0,3,True,True,3,True,True,23,True,54.4,True,UNAUTHORIZED_TRANSACTION,The buyer says they do not recognize this transaction. They refer to the original order. They say they requested a refund. They mention contacting the merchant.
CB-00218,2106.62,55,wallet,1020,13,0,1,True,True,3,False,False,0,False,65.5,False,PRODUCT_NOT_AS_DESCRIBED,The buyer says the delivered product was materially different.
CB-00219,2066.01,89,wallet,892,8,0,0,False,True,4,True,True,21,True,5.8,True,UNAUTHORIZED_TRANSACTION,The buyer says they do not recognize this transaction. The seller says delivery was confirmed. They say they requested a refund. They mention contacting the merchant.
CB-00220,1383.59,14,card,1111,14,0,1,True,True,2,True,True,15,False,17.1,False,UNAUTHORIZED_TRANSACTION,Customer says they did not authorize this payment. The order appears in their account history. The merchant claims there is delivery confirmation.
CB-00221,2137.67,43,upi,649,8,1,1,True,True,4,True,False,27,False,24.2,False,ITEM_NOT_RECEIVED,Customer reports that the shipment was not received.
CB-00222,2681.23,17,wallet,667,12,1,0,True,True,0,True,True,24,True,24.2,False,ITEM_NOT_RECEIVED,Customer says the order never arrived. The customer says they previously contacted support. The merchant claims there is delivery confirmation.
CB-00223,2355.61,83,card,968,12,0,1,True,True,3,True,True,25,False,8.2,False,ITEM_NOT_RECEIVED,The buyer says they are still waiting for the delivery.
CB-00224,2100.7,26,netbanking,636,12,0,2,True,True,8,True,True,20,False,8.7,False,PRODUCT_NOT_AS_DESCRIBED,Buyer claims the item did not match the description. They refer to the original order.
CB-00225,987.74,29,upi,912,8,0,0,True,True,2,True,True,30,True,7.2,False,UNAUTHORIZED_TRANSACTION,The buyer says they do not recognize this transaction. The customer says they previously contacted support.
CB-00226,2441.47,28,netbanking,815,11,0,1,True,True,5,True,True,31,False,2.7,False,ITEM_NOT_RECEIVED,Customer disputes the transaction claiming the package was not received.
CB-00227,5470.33,103,wallet,598,9,2,2,True,False,3,True,True,23,False,4.9,False,PRODUCT_NOT_AS_DESCRIBED,Customer says the product received was different from the listing. The merchant claims there is delivery confirmation.
CB-00228,3085.47,28,upi,679,16,0,0,False,True,3,False,False,0,False,17.1,False,ITEM_NOT_RECEIVED,Customer reports that the shipment was not received.
CB-00229,1385.18,31,wallet,1019,9,1,2,True,True,3,False,False,0,True,13.6,False,PRODUCT_NOT_AS_DESCRIBED,Customer says the product received was different from the listing. They mention contacting the merchant.
CB-00230,2833.94,39,card,733,8,0,3,True,True,1,True,True,9,False,13.6,False,UNAUTHORIZED_TRANSACTION,Buyer disputes the transaction as unauthorized. The merchant claims there is delivery confirmation.
CB-00231,3287.25,53,netbanking,844,13,1,0,True,True,3,False,False,0,False,2.1,False,PRODUCT_NOT_AS_DESCRIBED,Buyer claims the item did not match the description.
CB-00232,1505.36,35,wallet,1127,15,1,3,True,True,2,True,True,24,True,30.8,True,PRODUCT_NOT_AS_DESCRIBED,Buyer claims the item did not match the description. They report that they tried to resolve this with the seller. The merchant claims there is delivery confirmation. They say they requested a refund.
CB-00233,4297.55,15,wallet,904,9,0,0,False,True,3,True,True,26,True,9.8,False,ITEM_NOT_RECEIVED,The buyer says they are still waiting for the delivery. The customer says they previously contacted support. The merchant claims there is delivery confirmation.
CB-00234,5164.41,14,card,285,4,2,0,True,True,2,True,True,18,False,20.9,False,ITEM_NOT_RECEIVED,The buyer says they are still waiting for the delivery. They refer to the original order.
CB-00235,1385.98,21,upi,1148,15,0,1,True,False,1,True,True,16,False,4.5,False,PRODUCT_NOT_AS_DESCRIBED,The buyer says the delivered product was materially different. The merchant claims there is delivery confirmation.
CB-00236,2106.13,29,card,867,11,2,6,True,False,3,True,True,30,False,20.2,False,ITEM_NOT_RECEIVED,Customer reports that the shipment was not received. The merchant claims there is delivery confirmation. The order appears in their account history.
CB-00237,622.31,36,netbanking,814,18,0,0,True,True,4,True,True,15,True,7.2,False,UNAUTHORIZED_TRANSACTION,The buyer says they do not recognize this transaction. The order appears in their account history. They report that they tried to resolve this with the seller.
CB-00238,3129.7,18,netbanking,954,13,0,1,True,True,7,True,True,21,False,29.9,False,UNAUTHORIZED_TRANSACTION,Customer says they did not authorize this payment. The merchant claims there is delivery confirmation.
CB-00239,1496.14,45,wallet,1008,15,0,2,True,True,2,False,False,0,False,5.3,False,UNAUTHORIZED_TRANSACTION,The buyer says they do not recognize this transaction.
CB-00240,6824.67,6,wallet,718,7,1,1,True,True,2,True,False,23,False,3.3,False,PRODUCT_NOT_AS_DESCRIBED,The buyer says the delivered product was materially different. The order appears in their account history.
CB-00241,4592.02,19,wallet,1050,20,1,0,False,True,1,True,True,25,False,15.4,False,UNAUTHORIZED_TRANSACTION,Customer claims the card payment was not made by them.
CB-00242,3343.4,4,wallet,753,16,0,0,True,True,0,True,False,23,True,9.0,True,ITEM_NOT_RECEIVED,Customer says the order never arrived. The customer says they previously contacted support. They say they requested a refund.
CB-00243,2720.98,21,card,621,10,0,2,True,True,1,True,True,19,False,13.4,False,ITEM_NOT_RECEIVED,The buyer says they are still waiting for the delivery. The seller says delivery was confirmed.
CB-00244,948.0,47,wallet,896,14,1,2,True,True,4,True,True,24,False,5.6,False,ITEM_NOT_RECEIVED,The buyer says they are still waiting for the delivery. The dispute was filed after the expected delivery period.
CB-00245,1310.62,47,wallet,904,14,1,0,False,True,1,True,False,14,True,3.0,False,UNAUTHORIZED_TRANSACTION,Customer claims the card payment was not made by them. They report that they tried to resolve this with the seller.
CB-00246,4968.85,3,card,914,12,0,0,False,True,3,True,True,12,True,15.8,True,ITEM_NOT_RECEIVED,Customer reports that the shipment was not received. They say they requested a refund. The seller says delivery was confirmed. The customer says they previously contacted support.
CB-00247,8798.13,36,upi,881,13,0,1,True,True,4,False,False,0,True,5.6,False,ITEM_NOT_RECEIVED,The buyer says they are still waiting for the delivery. The customer says they previously contacted support.
CB-00248,2017.64,17,card,998,19,1,0,False,True,3,True,True,26,False,11.4,False,UNAUTHORIZED_TRANSACTION,Buyer disputes the transaction as unauthorized.
CB-00249,2093.57,28,wallet,606,4,0,0,True,True,6,True,True,17,True,77.4,False,UNAUTHORIZED_TRANSACTION,Customer says they did not authorize this payment. They refer to the original order. The seller says delivery was confirmed. They report that they tried to resolve this with the seller.
CB-00250,3280.93,47,upi,455,12,0,0,True,False,0,True,True,23,True,74.5,True,ITEM_NOT_RECEIVED,Customer reports that the shipment was not received. They report that they tried to resolve this with the seller. The customer mentions asking for their money back. The seller says delivery was confirmed.
CB-00251,1046.17,49,netbanking,872,13,0,1,True,True,1,True,True,33,True,51.8,True,ITEM_NOT_RECEIVED,Customer reports that the shipment was not received. The seller says delivery was confirmed. They say they requested a refund. The order appears in their account history. They mention contacting the merchant.
CB-00252,1747.47,34,netbanking,846,11,0,0,True,True,0,True,True,19,False,8.8,False,PRODUCT_NOT_AS_DESCRIBED,Customer says the product received was different from the listing. The seller says delivery was confirmed.
CB-00253,1424.24,18,upi,910,15,0,1,False,True,3,True,False,32,False,10.1,False,ITEM_NOT_RECEIVED,The buyer says they are still waiting for the delivery.
CB-00254,3854.02,26,upi,871,11,2,1,True,True,1,True,True,19,True,8.4,False,ITEM_NOT_RECEIVED,Customer disputes the transaction claiming the package was not received. They mention contacting the merchant. The seller says delivery was confirmed.
CB-00255,3724.1,32,upi,1004,11,0,0,True,True,2,True,True,27,False,7.6,False,PRODUCT_NOT_AS_DESCRIBED,Customer says the product received was different from the listing. They refer to the original order.
CB-00256,4154.29,4,wallet,1283,7,1,0,True,True,2,False,False,0,False,6.9,False,PRODUCT_NOT_AS_DESCRIBED,The buyer says the delivered product was materially different.
CB-00257,3869.38,20,card,877,9,2,1,True,True,3,True,True,15,True,3.6,False,UNAUTHORIZED_TRANSACTION,Buyer disputes the transaction as unauthorized. The seller says delivery was confirmed. The customer says they previously contacted support.
CB-00258,551.67,14,upi,859,13,0,1,False,True,1,True,True,26,False,10.2,False,PRODUCT_NOT_AS_DESCRIBED,Buyer claims the item did not match the description. The order appears in their account history.
CB-00259,836.38,21,upi,751,7,1,1,True,True,6,True,True,25,True,31.9,False,PRODUCT_NOT_AS_DESCRIBED,Customer disputes the purchase because the product was not as expected. The seller says delivery was confirmed. The dispute was filed after the expected delivery period. They mention contacting the merchant.
CB-00260,696.99,31,netbanking,1004,13,0,2,False,True,1,True,True,25,True,18.9,False,ITEM_NOT_RECEIVED,Customer disputes the transaction claiming the package was not received. The dispute was filed after the expected delivery period. They report that they tried to resolve this with the seller. The merchant claims there is delivery confirmation.
CB-00261,559.4,48,netbanking,785,9,0,3,True,True,3,True,True,32,False,15.4,False,ITEM_NOT_RECEIVED,Customer says the order never arrived. The merchant claims there is delivery confirmation.
CB-00262,2020.34,19,netbanking,713,11,0,1,True,False,1,True,True,27,False,8.3,False,PRODUCT_NOT_AS_DESCRIBED,Buyer claims the item did not match the description. The merchant claims there is delivery confirmation.
CB-00263,3933.19,62,netbanking,605,13,0,0,True,False,4,True,True,14,True,13.0,False,UNAUTHORIZED_TRANSACTION,Customer claims the card payment was not made by them. The dispute was filed after the expected delivery period. The seller says delivery was confirmed. The customer says they previously contacted support.
CB-00264,3033.46,4,wallet,1038,9,1,1,True,True,4,True,True,28,True,14.1,True,ITEM_NOT_RECEIVED,Customer reports that the shipment was not received. The seller says delivery was confirmed. The customer says they previously contacted support. The customer mentions asking for their money back. The dispute was filed after the expected delivery period.
CB-00265,2416.17,9,card,757,5,4,2,True,True,3,True,True,34,False,10.6,False,UNAUTHORIZED_TRANSACTION,Customer claims the card payment was not made by them. The merchant claims there is delivery confirmation. The order appears in their account history.
CB-00266,3804.35,19,card,654,7,0,1,True,False,2,True,True,20,False,41.9,False,ITEM_NOT_RECEIVED,The buyer says they are still waiting for the delivery.
CB-00267,7067.7,30,upi,997,8,1,2,True,True,3,True,True,14,True,4.6,True,UNAUTHORIZED_TRANSACTION,Buyer disputes the transaction as unauthorized. The customer says they previously contacted support. The order appears in their account history. The customer mentions asking for their money back. The seller says delivery was confirmed.
CB-00268,5021.17,65,card,1091,18,1,2,True,True,0,True,True,31,False,11.4,False,ITEM_NOT_RECEIVED,Customer reports that the shipment was not received.
CB-00269,1245.56,23,netbanking,620,13,0,3,True,True,4,True,True,33,True,13.5,False,ITEM_NOT_RECEIVED,Customer says the order never arrived. They mention contacting the merchant. The dispute was filed after the expected delivery period.
CB-00270,1665.06,5,card,1028,16,0,2,True,True,2,True,True,19,False,10.7,False,UNAUTHORIZED_TRANSACTION,Customer says they did not authorize this payment. They refer to the original order.
CB-00271,998.59,32,netbanking,655,17,0,1,True,True,1,True,True,24,False,13.2,False,UNAUTHORIZED_TRANSACTION,Customer says they did not authorize this payment. The dispute was filed after the expected delivery period.
CB-00272,4274.38,71,netbanking,838,15,0,0,True,True,1,False,False,0,False,10.1,False,UNAUTHORIZED_TRANSACTION,Customer says they did not authorize this payment.
CB-00273,7299.46,31,wallet,637,13,0,0,True,False,5,True,True,23,False,13.2,False,UNAUTHORIZED_TRANSACTION,Customer claims the card payment was not made by them.
CB-00274,1791.83,19,card,733,11,1,0,True,False,4,False,False,0,False,12.3,False,PRODUCT_NOT_AS_DESCRIBED,Buyer claims the item did not match the description.
CB-00275,3555.43,32,wallet,1265,15,0,2,True,True,2,False,False,0,False,5.2,False,ITEM_NOT_RECEIVED,The buyer says they are still waiting for the delivery.
CB-00276,2231.63,39,netbanking,770,12,0,1,True,True,1,True,True,25,True,9.8,True,UNAUTHORIZED_TRANSACTION,Buyer disputes the transaction as unauthorized. They mention contacting the merchant. The customer mentions asking for their money back. The merchant claims there is delivery confirmation.
CB-00277,1236.31,13,wallet,948,12,1,1,False,True,1,True,False,24,False,16.5,False,UNAUTHORIZED_TRANSACTION,Buyer disputes the transaction as unauthorized.
CB-00278,1930.46,34,upi,1249,14,0,3,True,True,4,False,False,0,False,13.0,False,PRODUCT_NOT_AS_DESCRIBED,Customer disputes the purchase because the product was not as expected.
CB-00279,1230.42,17,netbanking,805,13,0,0,True,False,2,True,True,26,True,5.6,False,PRODUCT_NOT_AS_DESCRIBED,Buyer claims the item did not match the description. The customer says they previously contacted support.
CB-00280,1027.07,36,netbanking,1293,12,0,0,True,False,4,True,True,11,True,13.2,False,UNAUTHORIZED_TRANSACTION,The buyer says they do not recognize this transaction. They report that they tried to resolve this with the seller. The merchant claims there is delivery confirmation.
CB-00281,2097.99,24,card,805,11,0,3,True,True,0,True,True,18,False,23.8,False,UNAUTHORIZED_TRANSACTION,The buyer says they do not recognize this transaction.
CB-00282,7395.33,16,card,1049,17,3,0,True,True,3,True,True,22,False,2.5,False,PRODUCT_NOT_AS_DESCRIBED,The buyer says the delivered product was materially different. The dispute was filed after the expected delivery period.
CB-00283,1285.44,70,upi,655,17,0,0,True,True,1,True,True,28,False,6.0,False,PRODUCT_NOT_AS_DESCRIBED,Customer says the product received was different from the listing. The seller says delivery was confirmed.
CB-00284,4095.28,4,upi,768,11,0,1,True,True,6,False,False,0,True,13.5,True,ITEM_NOT_RECEIVED,Customer says the order never arrived. They say they requested a refund. They report that they tried to resolve this with the seller.
CB-00285,1802.21,52,wallet,854,11,2,1,True,True,2,True,True,17,True,17.0,True,ITEM_NOT_RECEIVED,The buyer says they are still waiting for the delivery. They say they requested a refund. The seller says delivery was confirmed. The order appears in their account history. The customer says they previously contacted support.
CB-00286,1549.76,31,upi,1049,18,0,0,False,True,3,True,False,9,False,5.1,False,PRODUCT_NOT_AS_DESCRIBED,Customer disputes the purchase because the product was not as expected.
CB-00287,14196.17,20,wallet,492,5,1,2,True,True,4,True,False,19,True,6.6,False,UNAUTHORIZED_TRANSACTION,Customer claims the card payment was not made by them. They mention contacting the merchant. The dispute was filed after the expected delivery period.
CB-00288,1103.34,17,netbanking,771,15,1,2,True,True,2,True,True,28,True,11.2,False,PRODUCT_NOT_AS_DESCRIBED,Customer disputes the purchase because the product was not as expected. The seller says delivery was confirmed. The order appears in their account history. They report that they tried to resolve this with the seller.
CB-00289,1654.34,26,upi,883,9,0,2,True,True,5,True,True,22,True,3.9,True,UNAUTHORIZED_TRANSACTION,The buyer says they do not recognize this transaction. The customer says they previously contacted support. The dispute was filed after the expected delivery period. The customer mentions asking for their money back. The merchant claims there is delivery confirmation.
CB-00290,946.14,55,netbanking,1107,15,0,2,True,True,4,True,True,35,False,35.7,False,ITEM_NOT_RECEIVED,Customer says the order never arrived. The dispute was filed after the expected delivery period. The seller says delivery was confirmed.
CB-00291,6656.54,27,wallet,988,11,0,0,True,True,3,True,True,23,False,26.7,False,PRODUCT_NOT_AS_DESCRIBED,Buyer claims the item did not match the description. The seller says delivery was confirmed. The dispute was filed after the expected delivery period.
CB-00292,1491.98,36,upi,562,17,1,2,False,True,3,True,False,16,False,6.0,False,ITEM_NOT_RECEIVED,Customer disputes the transaction claiming the package was not received. The dispute was filed after the expected delivery period.
CB-00293,3687.66,38,upi,944,15,0,1,True,True,3,True,True,28,True,21.1,False,ITEM_NOT_RECEIVED,Customer says the order never arrived. The dispute was filed after the expected delivery period. The merchant claims there is delivery confirmation. They mention contacting the merchant.
CB-00294,1464.03,15,wallet,1144,9,0,0,True,True,3,True,False,13,False,46.5,False,UNAUTHORIZED_TRANSACTION,The buyer says they do not recognize this transaction.
CB-00295,3685.42,20,netbanking,1068,9,0,1,True,False,1,True,True,24,False,11.8,False,UNAUTHORIZED_TRANSACTION,Customer claims the card payment was not made by them.
CB-00296,2297.92,54,upi,797,16,0,3,True,False,2,True,True,25,False,3.0,False,ITEM_NOT_RECEIVED,Customer says the order never arrived. The merchant claims there is delivery confirmation.
CB-00297,1154.17,41,wallet,946,11,0,0,True,True,2,True,True,23,True,6.6,True,ITEM_NOT_RECEIVED,Customer reports that the shipment was not received. They mention contacting the merchant. The merchant claims there is delivery confirmation. The customer mentions asking for their money back.
CB-00298,1706.14,10,wallet,749,10,0,0,True,True,3,True,True,26,True,1.6,True,UNAUTHORIZED_TRANSACTION,Buyer disputes the transaction as unauthorized. The customer mentions asking for their money back. They report that they tried to resolve this with the seller. The seller says delivery was confirmed. The order appears in their account history.
CB-00299,2100.39,28,netbanking,998,10,1,1,True,True,4,True,True,14,False,19.2,False,ITEM_NOT_RECEIVED,The buyer says they are still waiting for the delivery.
CB-00300,876.44,33,wallet,635,9,1,2,True,True,2,True,True,14,True,3.5,False,ITEM_NOT_RECEIVED,Customer reports that the shipment was not received. They refer to the original order. They report that they tried to resolve this with the seller.
CB-00301,3612.22,36,wallet,993,10,1,2,True,False,4,True,True,15,True,9.1,False,ITEM_NOT_RECEIVED,The buyer says they are still waiting for the delivery. They mention contacting the merchant. The seller says delivery was confirmed. They refer to the original order.
CB-00302,4511.35,24,card,416,7,0,0,True,True,6,True,False,20,False,29.8,False,PRODUCT_NOT_AS_DESCRIBED,Customer disputes the purchase because the product was not as expected.
CB-00303,3503.75,9,upi,867,9,0,2,False,True,4,False,False,0,False,22.7,False,PRODUCT_NOT_AS_DESCRIBED,Customer says the product received was different from the listing.
CB-00304,6640.15,20,card,1123,12,0,0,True,True,1,True,False,32,False,2.5,False,PRODUCT_NOT_AS_DESCRIBED,The buyer says the delivered product was materially different. They refer to the original order.
CB-00305,2701.42,25,netbanking,959,15,2,1,True,False,2,True,False,26,False,4.2,False,PRODUCT_NOT_AS_DESCRIBED,Customer says the product received was different from the listing.
CB-00306,6237.25,41,netbanking,928,15,0,2,True,True,2,True,False,26,False,8.4,False,UNAUTHORIZED_TRANSACTION,Buyer disputes the transaction as unauthorized. The order appears in their account history.
CB-00307,3463.6,21,upi,976,18,0,2,True,True,1,True,True,19,False,7.2,False,UNAUTHORIZED_TRANSACTION,The buyer says they do not recognize this transaction.
CB-00308,1702.24,25,wallet,527,14,1,1,True,False,2,True,True,11,False,5.3,False,UNAUTHORIZED_TRANSACTION,Buyer disputes the transaction as unauthorized.
CB-00309,6400.53,26,card,1046,11,1,0,True,True,1,True,True,23,True,4.5,False,PRODUCT_NOT_AS_DESCRIBED,The buyer says the delivered product was materially different. The merchant claims there is delivery confirmation. They report that they tried to resolve this with the seller.
CB-00310,773.03,47,upi,852,10,0,1,True,True,3,True,True,15,False,6.2,False,PRODUCT_NOT_AS_DESCRIBED,Buyer claims the item did not match the description. The dispute was filed after the expected delivery period. The merchant claims there is delivery confirmation.
CB-00311,3676.23,34,wallet,986,13,0,0,True,True,3,True,True,21,False,37.6,False,ITEM_NOT_RECEIVED,Customer says the order never arrived. The dispute was filed after the expected delivery period. The merchant claims there is delivery confirmation.
CB-00312,1773.29,26,netbanking,1002,11,0,1,True,True,1,False,False,0,False,7.8,False,PRODUCT_NOT_AS_DESCRIBED,Customer says the product received was different from the listing.
CB-00313,559.74,28,netbanking,637,12,0,2,True,False,0,True,False,19,False,2.2,False,UNAUTHORIZED_TRANSACTION,Customer says they did not authorize this payment.
CB-00314,4053.63,64,card,857,9,0,0,False,True,4,True,True,12,True,6.3,False,PRODUCT_NOT_AS_DESCRIBED,Customer says the product received was different from the listing. The order appears in their account history. The customer says they previously contacted support.
CB-00315,1348.21,38,wallet,1028,12,1,0,True,False,4,True,True,27,True,24.8,False,ITEM_NOT_RECEIVED,Customer says the order never arrived. The customer says they previously contacted support. The order appears in their account history.
CB-00316,9517.82,27,wallet,668,6,0,1,True,True,1,True,True,34,False,15.3,False,UNAUTHORIZED_TRANSACTION,The buyer says they do not recognize this transaction.
CB-00317,1735.65,21,card,878,12,0,0,True,True,5,True,True,18,False,9.9,False,UNAUTHORIZED_TRANSACTION,Buyer disputes the transaction as unauthorized. The merchant claims there is delivery confirmation.
CB-00318,3759.07,51,wallet,864,8,1,0,True,True,4,True,True,24,True,13.8,True,PRODUCT_NOT_AS_DESCRIBED,Buyer claims the item did not match the description. They report that they tried to resolve this with the seller. They say they requested a refund.
CB-00319,5543.41,34,wallet,1135,12,0,0,True,True,1,True,True,23,False,15.7,False,UNAUTHORIZED_TRANSACTION,The buyer says they do not recognize this transaction. The seller says delivery was confirmed.
CB-00320,2009.68,20,netbanking,1245,13,0,0,True,True,1,True,True,17,False,2.0,False,ITEM_NOT_RECEIVED,Customer disputes the transaction claiming the package was not received.
CB-00321,2432.49,16,card,882,13,0,2,True,True,2,True,True,20,True,5.6,False,ITEM_NOT_RECEIVED,Customer reports that the shipment was not received. They report that they tried to resolve this with the seller.
CB-00322,1626.98,1,upi,946,15,0,1,False,True,1,True,True,14,True,18.2,False,ITEM_NOT_RECEIVED,Customer disputes the transaction claiming the package was not received. The order appears in their account history. The merchant claims there is delivery confirmation. They mention contacting the merchant.
CB-00323,3562.62,40,wallet,1179,7,0,1,True,True,4,True,True,24,False,17.2,False,UNAUTHORIZED_TRANSACTION,Buyer disputes the transaction as unauthorized.
CB-00324,3498.25,15,upi,1078,16,0,1,True,True,2,True,True,19,False,34.1,False,ITEM_NOT_RECEIVED,The buyer says they are still waiting for the delivery. The dispute was filed after the expected delivery period.
CB-00325,4954.82,15,netbanking,1017,13,0,1,True,False,1,False,False,0,False,4.3,False,PRODUCT_NOT_AS_DESCRIBED,Buyer claims the item did not match the description.
CB-00326,601.11,14,upi,1226,18,0,0,True,True,5,False,False,0,False,21.3,False,UNAUTHORIZED_TRANSACTION,Buyer disputes the transaction as unauthorized.
CB-00327,1461.13,44,netbanking,858,11,0,2,True,True,3,True,True,26,False,26.7,False,UNAUTHORIZED_TRANSACTION,Customer claims the card payment was not made by them. The dispute was filed after the expected delivery period.
CB-00328,1611.29,69,wallet,979,15,0,0,True,True,3,False,False,0,False,12.8,False,ITEM_NOT_RECEIVED,Customer reports that the shipment was not received.
CB-00329,1685.22,9,netbanking,1046,17,0,1,True,True,2,True,True,20,True,33.0,True,ITEM_NOT_RECEIVED,Customer reports that the shipment was not received. The seller says delivery was confirmed. They report that they tried to resolve this with the seller. The customer mentions asking for their money back.
CB-00330,1638.62,31,wallet,909,15,0,2,True,False,2,True,True,20,False,11.2,False,PRODUCT_NOT_AS_DESCRIBED,Buyer claims the item did not match the description. The merchant claims there is delivery confirmation.
CB-00331,1559.46,29,card,1093,9,0,1,True,True,2,True,True,16,False,7.0,False,UNAUTHORIZED_TRANSACTION,The buyer says they do not recognize this transaction.
CB-00332,7942.89,13,wallet,606,9,2,3,True,True,3,True,True,21,False,11.3,False,ITEM_NOT_RECEIVED,Customer disputes the transaction claiming the package was not received. They refer to the original order.
CB-00333,1717.64,62,netbanking,664,11,1,2,True,False,4,True,True,28,False,20.5,False,UNAUTHORIZED_TRANSACTION,Customer says they did not authorize this payment.
CB-00334,2044.68,14,netbanking,953,8,0,1,True,True,2,True,True,31,False,10.5,False,ITEM_NOT_RECEIVED,Customer reports that the shipment was not received.
CB-00335,1936.39,42,upi,672,4,0,1,True,True,4,True,True,21,False,14.5,False,ITEM_NOT_RECEIVED,Customer disputes the transaction claiming the package was not received. The merchant claims there is delivery confirmation. They refer to the original order.
CB-00336,994.56,7,card,1373,9,0,1,True,True,4,False,False,0,True,15.4,False,ITEM_NOT_RECEIVED,Customer reports that the shipment was not received. They mention contacting the merchant.
CB-00337,2382.94,17,upi,803,12,0,0,False,True,3,True,True,24,False,3.5,False,PRODUCT_NOT_AS_DESCRIBED,The buyer says the delivered product was materially different.
CB-00338,2693.98,50,wallet,1076,5,0,1,False,True,3,True,True,18,False,3.5,False,UNAUTHORIZED_TRANSACTION,The buyer says they do not recognize this transaction. The seller says delivery was confirmed.
CB-00339,1933.09,48,wallet,701,10,0,2,False,True,1,True,False,21,False,120.0,False,UNAUTHORIZED_TRANSACTION,The buyer says they do not recognize this transaction. The dispute was filed after the expected delivery period.
CB-00340,2941.91,86,netbanking,1011,16,1,1,True,True,2,True,True,30,True,6.8,False,UNAUTHORIZED_TRANSACTION,Buyer disputes the transaction as unauthorized. The order appears in their account history. The customer says they previously contacted support.
CB-00341,2999.56,20,upi,962,11,0,1,False,True,4,True,True,31,False,75.0,False,PRODUCT_NOT_AS_DESCRIBED,Customer says the product received was different from the listing. The dispute was filed after the expected delivery period.
CB-00342,2368.5,14,netbanking,1026,10,0,1,False,True,4,True,True,25,False,9.2,False,UNAUTHORIZED_TRANSACTION,Buyer disputes the transaction as unauthorized. The order appears in their account history. The merchant claims there is delivery confirmation.
CB-00343,304.7,13,netbanking,680,13,1,0,False,False,2,True,True,18,True,11.5,True,PRODUCT_NOT_AS_DESCRIBED,Customer disputes the purchase because the product was not as expected. The customer mentions asking for their money back. The dispute was filed after the expected delivery period. The customer says they previously contacted support.
CB-00344,3416.3,21,wallet,1088,14,0,2,False,True,6,False,False,0,True,59.0,False,PRODUCT_NOT_AS_DESCRIBED,Buyer claims the item did not match the description. They report that they tried to resolve this with the seller.
CB-00345,1367.83,3,card,694,15,0,1,True,True,3,True,True,15,False,16.4,False,PRODUCT_NOT_AS_DESCRIBED,Customer says the product received was different from the listing. The merchant claims there is delivery confirmation.
CB-00346,2376.34,11,wallet,674,13,0,1,True,False,0,True,True,8,False,12.9,False,ITEM_NOT_RECEIVED,Customer disputes the transaction claiming the package was not received. The merchant claims there is delivery confirmation.
CB-00347,2866.73,11,upi,855,13,1,1,True,True,4,True,True,16,False,22.5,False,ITEM_NOT_RECEIVED,Customer reports that the shipment was not received. The dispute was filed after the expected delivery period.
CB-00348,975.05,20,wallet,681,13,0,3,True,True,5,True,False,29,True,21.4,False,PRODUCT_NOT_AS_DESCRIBED,The buyer says the delivered product was materially different. They mention contacting the merchant. The dispute was filed after the expected delivery period.
CB-00349,1376.96,16,card,850,15,1,0,True,True,5,True,True,16,True,21.5,False,ITEM_NOT_RECEIVED,The buyer says they are still waiting for the delivery. The seller says delivery was confirmed. They report that they tried to resolve this with the seller.
CB-00350,3267.54,20,card,733,8,0,0,True,False,4,True,True,13,True,7.3,False,ITEM_NOT_RECEIVED,Customer disputes the transaction claiming the package was not received. They mention contacting the merchant. The seller says delivery was confirmed. The dispute was filed after the expected delivery period.
CB-00351,6003.53,20,netbanking,764,16,0,1,True,True,4,True,True,20,True,5.0,False,ITEM_NOT_RECEIVED,Customer reports that the shipment was not received. The customer says they previously contacted support.
CB-00352,2730.61,40,netbanking,971,12,0,2,True,True,1,True,True,26,False,29.0,False,ITEM_NOT_RECEIVED,Customer says the order never arrived.
CB-00353,1708.45,23,card,1091,11,0,2,True,True,3,True,True,23,False,10.1,False,ITEM_NOT_RECEIVED,Customer reports that the shipment was not received. The merchant claims there is delivery confirmation. The dispute was filed after the expected delivery period.
CB-00354,3038.95,9,wallet,992,14,0,2,True,True,2,True,False,17,False,14.3,False,ITEM_NOT_RECEIVED,Customer reports that the shipment was not received.
CB-00355,2832.62,13,card,1132,20,0,0,True,True,5,True,False,33,True,27.5,True,UNAUTHORIZED_TRANSACTION,Customer says they did not authorize this payment. They mention contacting the merchant. They say they requested a refund.
CB-00356,777.24,11,card,1191,11,0,1,True,True,2,True,True,30,False,24.0,False,UNAUTHORIZED_TRANSACTION,Customer says they did not authorize this payment. The merchant claims there is delivery confirmation.
CB-00357,1602.89,27,netbanking,1000,13,1,2,True,True,0,True,False,19,True,3.8,True,ITEM_NOT_RECEIVED,Customer says the order never arrived. They mention contacting the merchant. They say they requested a refund.
CB-00358,3425.33,11,netbanking,589,19,2,1,True,True,2,True,True,15,False,6.9,False,ITEM_NOT_RECEIVED,Customer disputes the transaction claiming the package was not received.
CB-00359,795.69,48,netbanking,1203,13,0,0,True,True,4,False,False,0,True,13.3,False,UNAUTHORIZED_TRANSACTION,The buyer says they do not recognize this transaction. They report that they tried to resolve this with the seller.
CB-00360,660.66,21,card,922,16,0,1,True,False,1,True,False,30,True,14.3,False,ITEM_NOT_RECEIVED,The buyer says they are still waiting for the delivery. The order appears in their account history. They mention contacting the merchant.
CB-00361,861.23,41,wallet,907,15,2,0,True,True,2,True,True,18,True,3.6,False,UNAUTHORIZED_TRANSACTION,Customer claims the card payment was not made by them. They mention contacting the merchant.
CB-00362,2701.48,17,wallet,722,12,1,3,True,True,4,True,False,13,False,120.0,False,UNAUTHORIZED_TRANSACTION,Buyer disputes the transaction as unauthorized. They refer to the original order.
CB-00363,2675.0,56,upi,841,13,0,1,True,True,4,False,False,0,False,26.1,False,UNAUTHORIZED_TRANSACTION,The buyer says they do not recognize this transaction.
CB-00364,3293.48,11,netbanking,1291,15,0,0,True,True,2,True,True,16,False,14.5,False,ITEM_NOT_RECEIVED,Customer disputes the transaction claiming the package was not received. The merchant claims there is delivery confirmation.
CB-00365,826.1,33,upi,796,17,0,0,True,True,8,True,True,28,True,2.9,False,UNAUTHORIZED_TRANSACTION,The buyer says they do not recognize this transaction. The customer says they previously contacted support. The seller says delivery was confirmed. The order appears in their account history.
CB-00366,1414.83,66,card,924,13,1,1,True,True,2,True,True,17,False,12.4,False,UNAUTHORIZED_TRANSACTION,Buyer disputes the transaction as unauthorized. The seller says delivery was confirmed. They refer to the original order.
CB-00367,14188.66,28,card,1027,23,0,1,True,True,0,False,False,0,False,18.3,False,ITEM_NOT_RECEIVED,The buyer says they are still waiting for the delivery.
CB-00368,1630.5,9,card,572,10,1,2,True,True,6,True,True,19,True,7.9,True,PRODUCT_NOT_AS_DESCRIBED,Customer disputes the purchase because the product was not as expected. They say they requested a refund. The customer says they previously contacted support. They refer to the original order.
CB-00369,2929.07,45,upi,1043,9,1,2,True,True,2,True,True,27,False,7.4,False,PRODUCT_NOT_AS_DESCRIBED,The buyer says the delivered product was materially different. The seller says delivery was confirmed. They refer to the original order.
CB-00370,5880.37,15,upi,1101,18,1,1,False,True,1,True,True,15,False,26.7,False,ITEM_NOT_RECEIVED,Customer reports that the shipment was not received. They refer to the original order. The merchant claims there is delivery confirmation.
CB-00371,1897.41,19,upi,891,12,0,2,True,False,1,True,True,10,False,13.4,False,UNAUTHORIZED_TRANSACTION,The buyer says they do not recognize this transaction. The merchant claims there is delivery confirmation.
CB-00372,944.06,43,netbanking,910,9,1,0,False,True,5,False,False,0,True,13.1,False,ITEM_NOT_RECEIVED,Customer says the order never arrived. The customer says they previously contacted support.
CB-00373,672.96,68,wallet,963,18,0,1,False,False,4,True,False,10,False,11.8,False,UNAUTHORIZED_TRANSACTION,Customer claims the card payment was not made by them. They refer to the original order.
CB-00374,7631.5,49,upi,815,7,0,3,True,True,2,True,True,26,True,7.2,True,PRODUCT_NOT_AS_DESCRIBED,Customer disputes the purchase because the product was not as expected. The customer says they previously contacted support. The order appears in their account history. They say they requested a refund.
CB-00375,1154.74,59,wallet,989,7,0,3,True,True,4,True,True,25,False,34.6,False,PRODUCT_NOT_AS_DESCRIBED,Buyer claims the item did not match the description. They refer to the original order.
CB-00376,2858.27,61,netbanking,1461,16,0,1,True,True,1,True,True,24,False,5.6,False,UNAUTHORIZED_TRANSACTION,Customer says they did not authorize this payment. The merchant claims there is delivery confirmation.
CB-00377,2986.21,12,card,664,11,0,1,True,True,2,True,True,18,False,80.6,False,PRODUCT_NOT_AS_DESCRIBED,The buyer says the delivered product was materially different. The seller says delivery was confirmed.
CB-00378,611.33,20,card,829,15,0,2,True,True,1,True,True,25,False,24.3,False,PRODUCT_NOT_AS_DESCRIBED,The buyer says the delivered product was materially different. The seller says delivery was confirmed.
CB-00379,2656.54,85,netbanking,795,22,0,1,True,True,3,True,True,19,False,14.9,False,ITEM_NOT_RECEIVED,Customer disputes the transaction claiming the package was not received.
CB-00380,1373.53,40,wallet,906,20,1,1,True,False,4,False,False,0,False,6.5,False,ITEM_NOT_RECEIVED,Customer reports that the shipment was not received.
CB-00381,505.51,32,wallet,1109,13,1,0,True,True,2,True,True,29,False,11.8,False,PRODUCT_NOT_AS_DESCRIBED,The buyer says the delivered product was materially different.
CB-00382,3043.69,38,card,674,13,2,1,True,True,3,True,True,25,False,10.3,False,UNAUTHORIZED_TRANSACTION,Customer says they did not authorize this payment.
CB-00383,6166.05,21,upi,977,9,0,2,True,True,1,True,True,15,False,22.7,False,UNAUTHORIZED_TRANSACTION,Customer says they did not authorize this payment.
CB-00384,593.91,22,wallet,963,19,0,2,True,True,5,True,True,24,False,6.9,False,PRODUCT_NOT_AS_DESCRIBED,Customer disputes the purchase because the product was not as expected. The merchant claims there is delivery confirmation.
CB-00385,2704.44,32,netbanking,1125,6,0,1,False,False,4,False,False,0,False,9.1,False,ITEM_NOT_RECEIVED,Customer disputes the transaction claiming the package was not received.
CB-00386,4038.37,23,upi,988,15,0,2,True,True,3,True,True,26,False,15.6,False,PRODUCT_NOT_AS_DESCRIBED,The buyer says the delivered product was materially different. They refer to the original order.
CB-00387,3340.08,38,upi,983,14,0,2,True,False,4,False,False,0,True,11.6,True,PRODUCT_NOT_AS_DESCRIBED,Customer disputes the purchase because the product was not as expected. The customer mentions asking for their money back. They mention contacting the merchant.
CB-00388,1799.36,33,wallet,1136,8,0,2,True,True,0,True,True,22,False,17.8,False,UNAUTHORIZED_TRANSACTION,Customer says they did not authorize this payment. The dispute was filed after the expected delivery period. The seller says delivery was confirmed.
CB-00389,1456.89,28,upi,666,8,0,3,True,True,3,True,False,33,False,14.6,False,UNAUTHORIZED_TRANSACTION,The buyer says they do not recognize this transaction. The order appears in their account history.
CB-00390,423.64,18,wallet,795,11,0,2,False,True,0,False,False,0,False,8.2,False,UNAUTHORIZED_TRANSACTION,Customer claims the card payment was not made by them.
CB-00391,6135.16,23,netbanking,1193,24,0,3,True,True,1,True,True,22,False,6.4,False,ITEM_NOT_RECEIVED,Customer says the order never arrived. The seller says delivery was confirmed.
CB-00392,1850.23,7,card,591,11,0,3,True,True,9,True,False,28,False,12.8,False,PRODUCT_NOT_AS_DESCRIBED,Buyer claims the item did not match the description.
CB-00393,802.69,21,upi,1022,17,0,0,True,True,5,True,True,14,False,9.6,False,PRODUCT_NOT_AS_DESCRIBED,Buyer claims the item did not match the description. The seller says delivery was confirmed.
CB-00394,2246.79,10,upi,1109,8,0,0,True,True,4,True,True,25,False,8.4,False,UNAUTHORIZED_TRANSACTION,The buyer says they do not recognize this transaction. The seller says delivery was confirmed.
CB-00395,4758.73,12,card,925,14,0,1,True,True,4,False,False,0,True,18.7,False,UNAUTHORIZED_TRANSACTION,Buyer disputes the transaction as unauthorized. The customer says they previously contacted support.
CB-00396,2005.68,52,wallet,653,8,1,0,True,True,4,True,True,19,False,4.5,False,PRODUCT_NOT_AS_DESCRIBED,The buyer says the delivered product was materially different. The merchant claims there is delivery confirmation. The order appears in their account history.
CB-00397,10128.71,22,upi,809,9,1,2,True,True,5,True,True,22,True,6.3,True,PRODUCT_NOT_AS_DESCRIBED,Customer disputes the purchase because the product was not as expected. The customer says they previously contacted support. They refer to the original order. They say they requested a refund.
CB-00398,2443.67,32,wallet,1011,14,0,0,True,True,3,True,True,16,False,27.3,False,PRODUCT_NOT_AS_DESCRIBED,The buyer says the delivered product was materially different. The seller says delivery was confirmed.
CB-00399,1999.18,22,upi,940,11,0,2,True,True,2,True,True,24,True,18.1,True,PRODUCT_NOT_AS_DESCRIBED,Customer disputes the purchase because the product was not as expected. The merchant claims there is delivery confirmation. They report that they tried to resolve this with the seller. They say they requested a refund.
CB-00400,577.51,39,netbanking,1036,13,0,3,False,False,5,True,True,21,False,33.5,False,ITEM_NOT_RECEIVED,Customer disputes the transaction claiming the package was not received. The merchant claims there is delivery confirmation.
CB-00401,4177.3,36,wallet,1051,13,1,1,True,False,5,False,False,0,False,15.2,False,PRODUCT_NOT_AS_DESCRIBED,The buyer says the delivered product was materially different.
CB-00402,2686.18,70,wallet,693,17,0,2,True,True,2,True,True,16,False,14.0,False,ITEM_NOT_RECEIVED,Customer disputes the transaction claiming the package was not received. The merchant claims there is delivery confirmation.
CB-00403,1550.98,14,netbanking,656,12,0,2,True,True,3,True,True,20,False,6.1,False,ITEM_NOT_RECEIVED,Customer reports that the shipment was not received.
CB-00404,4038.64,10,wallet,943,6,0,3,True,True,1,False,False,0,False,9.3,False,ITEM_NOT_RECEIVED,Customer disputes the transaction claiming the package was not received.
CB-00405,740.49,40,wallet,900,14,1,0,False,True,2,True,True,28,True,13.2,False,ITEM_NOT_RECEIVED,Customer reports that the shipment was not received. The customer says they previously contacted support. The seller says delivery was confirmed.
CB-00406,1858.5,4,card,854,14,1,0,False,True,5,False,False,0,False,8.8,False,ITEM_NOT_RECEIVED,Customer says the order never arrived.
CB-00407,830.55,14,netbanking,747,15,0,1,True,True,4,True,True,16,False,25.7,False,ITEM_NOT_RECEIVED,Customer says the order never arrived. The dispute was filed after the expected delivery period. The seller says delivery was confirmed.
CB-00408,1776.51,24,card,842,18,0,0,True,True,2,True,True,26,True,33.8,False,PRODUCT_NOT_AS_DESCRIBED,Customer says the product received was different from the listing. The customer says they previously contacted support.
CB-00409,729.4,13,card,704,10,1,1,True,True,2,False,False,0,False,69.9,False,UNAUTHORIZED_TRANSACTION,The buyer says they do not recognize this transaction.
CB-00410,2028.32,17,upi,999,16,0,1,False,True,5,True,True,25,False,17.6,False,PRODUCT_NOT_AS_DESCRIBED,The buyer says the delivered product was materially different. The dispute was filed after the expected delivery period.
CB-00411,2690.61,49,card,1319,14,1,2,True,True,3,True,True,25,False,16.0,False,UNAUTHORIZED_TRANSACTION,The buyer says they do not recognize this transaction. The merchant claims there is delivery confirmation. The order appears in their account history.
CB-00412,1907.84,26,netbanking,1059,17,0,1,False,True,0,True,False,20,False,20.6,False,ITEM_NOT_RECEIVED,Customer reports that the shipment was not received. The order appears in their account history.
CB-00413,3355.15,12,upi,1103,8,0,0,True,True,2,True,True,24,False,9.4,False,ITEM_NOT_RECEIVED,Customer says the order never arrived.
CB-00414,1802.06,15,upi,971,15,1,1,True,False,0,True,True,32,True,21.3,True,PRODUCT_NOT_AS_DESCRIBED,Customer disputes the purchase because the product was not as expected. The customer mentions asking for their money back. They report that they tried to resolve this with the seller. They refer to the original order.
CB-00415,2944.37,70,wallet,1175,19,0,2,True,True,6,True,True,31,False,12.2,False,ITEM_NOT_RECEIVED,Customer says the order never arrived.
CB-00416,1203.84,53,upi,755,16,1,3,True,True,2,True,True,10,False,45.2,False,ITEM_NOT_RECEIVED,Customer disputes the transaction claiming the package was not received. They refer to the original order.
CB-00417,3955.25,21,wallet,1001,4,0,2,True,True,4,True,True,32,True,18.7,False,PRODUCT_NOT_AS_DESCRIBED,The buyer says the delivered product was materially different. They mention contacting the merchant. The seller says delivery was confirmed.
CB-00418,9485.61,22,card,1100,6,1,2,True,False,5,True,True,26,True,20.9,False,UNAUTHORIZED_TRANSACTION,Customer says they did not authorize this payment. The customer says they previously contacted support. The seller says delivery was confirmed.
CB-00419,2110.16,32,netbanking,664,11,0,1,True,True,0,True,False,23,True,2.9,False,UNAUTHORIZED_TRANSACTION,Customer says they did not authorize this payment. They report that they tried to resolve this with the seller. They refer to the original order.
CB-00420,2762.23,27,wallet,808,8,3,1,True,True,4,False,False,0,False,1.8,False,ITEM_NOT_RECEIVED,Customer disputes the transaction claiming the package was not received.
CB-00421,2957.68,20,upi,1232,9,1,4,True,False,3,True,False,13,False,7.8,False,UNAUTHORIZED_TRANSACTION,The buyer says they do not recognize this transaction. They refer to the original order.
CB-00422,2587.49,28,upi,739,13,0,1,True,True,1,True,True,30,False,22.4,False,UNAUTHORIZED_TRANSACTION,The buyer says they do not recognize this transaction.
CB-00423,2479.91,62,card,653,9,2,2,True,True,4,True,True,27,False,7.2,False,ITEM_NOT_RECEIVED,Customer says the order never arrived.
CB-00424,2782.6,120,card,1010,9,0,0,True,True,6,True,True,31,False,10.7,False,ITEM_NOT_RECEIVED,Customer disputes the transaction claiming the package was not received. The order appears in their account history.
CB-00425,985.42,69,upi,858,7,0,1,True,True,5,True,True,28,False,4.6,False,UNAUTHORIZED_TRANSACTION,Buyer disputes the transaction as unauthorized. The seller says delivery was confirmed.
CB-00426,1395.79,33,netbanking,1204,10,1,1,True,True,4,True,True,24,False,4.6,False,ITEM_NOT_RECEIVED,The buyer says they are still waiting for the delivery. The dispute was filed after the expected delivery period.
CB-00427,888.16,73,card,719,11,0,0,True,True,6,True,True,36,False,39.5,False,ITEM_NOT_RECEIVED,Customer reports that the shipment was not received.
CB-00428,3106.48,49,wallet,1186,20,0,1,True,True,2,True,True,18,False,5.2,False,ITEM_NOT_RECEIVED,Customer says the order never arrived. The seller says delivery was confirmed.
CB-00429,2171.53,41,upi,555,8,1,2,True,True,3,True,True,20,False,4.5,False,ITEM_NOT_RECEIVED,Customer disputes the transaction claiming the package was not received. The merchant claims there is delivery confirmation.
CB-00430,4112.51,36,netbanking,1206,14,0,0,False,True,4,False,False,0,False,32.5,False,PRODUCT_NOT_AS_DESCRIBED,Customer says the product received was different from the listing.
CB-00431,1504.81,7,upi,1071,14,0,0,True,True,1,True,True,28,False,13.1,False,UNAUTHORIZED_TRANSACTION,The buyer says they do not recognize this transaction. The merchant claims there is delivery confirmation. They refer to the original order.
CB-00432,1347.3,19,netbanking,1116,7,1,3,True,False,3,False,False,0,False,38.8,False,UNAUTHORIZED_TRANSACTION,Customer claims the card payment was not made by them.
CB-00433,2205.41,22,wallet,623,9,1,3,True,True,2,False,False,0,False,20.5,False,ITEM_NOT_RECEIVED,Customer disputes the transaction claiming the package was not received.
CB-00434,866.35,36,upi,685,15,1,2,True,True,6,True,True,12,True,7.4,True,PRODUCT_NOT_AS_DESCRIBED,Customer says the product received was different from the listing. They say they requested a refund. They report that they tried to resolve this with the seller. The seller says delivery was confirmed.
CB-00435,1702.54,17,upi,759,13,0,0,True,True,3,True,True,22,False,32.7,False,PRODUCT_NOT_AS_DESCRIBED,The buyer says the delivered product was materially different. The merchant claims there is delivery confirmation.
CB-00436,1282.06,17,card,643,11,1,0,True,True,6,True,True,33,False,9.0,False,ITEM_NOT_RECEIVED,Customer disputes the transaction claiming the package was not received.
CB-00437,1344.89,31,netbanking,1101,12,1,1,True,True,0,True,False,24,False,20.5,False,UNAUTHORIZED_TRANSACTION,The buyer says they do not recognize this transaction. The order appears in their account history.
CB-00438,4168.13,13,netbanking,1193,17,0,2,True,True,3,True,False,34,False,23.8,False,ITEM_NOT_RECEIVED,Customer says the order never arrived. The dispute was filed after the expected delivery period.
CB-00439,3455.3,6,netbanking,945,17,0,0,False,False,4,True,True,24,True,8.2,True,PRODUCT_NOT_AS_DESCRIBED,Customer says the product received was different from the listing. They report that they tried to resolve this with the seller. The customer mentions asking for their money back. The dispute was filed after the expected delivery period.
CB-00440,2451.0,12,card,455,12,1,2,False,True,0,False,False,0,False,20.1,False,UNAUTHORIZED_TRANSACTION,Buyer disputes the transaction as unauthorized.
CB-00441,588.08,36,wallet,428,8,0,3,True,True,2,False,False,0,True,12.2,True,UNAUTHORIZED_TRANSACTION,Customer says they did not authorize this payment. The customer mentions asking for their money back. They mention contacting the merchant.
CB-00442,579.48,30,card,1003,16,0,0,True,True,3,True,False,34,True,14.4,False,PRODUCT_NOT_AS_DESCRIBED,Customer disputes the purchase because the product was not as expected. The customer says they previously contacted support. The dispute was filed after the expected delivery period.
CB-00443,742.57,31,upi,499,18,0,1,False,True,0,False,False,0,False,12.3,False,UNAUTHORIZED_TRANSACTION,The buyer says they do not recognize this transaction.
CB-00444,2233.7,7,card,894,18,1,0,True,False,1,True,True,18,False,17.3,False,ITEM_NOT_RECEIVED,Customer says the order never arrived. The order appears in their account history. The merchant claims there is delivery confirmation.
CB-00445,5470.49,44,netbanking,802,17,0,3,True,True,2,True,True,19,False,76.4,False,PRODUCT_NOT_AS_DESCRIBED,The buyer says the delivered product was materially different. They refer to the original order. The merchant claims there is delivery confirmation.
CB-00446,2121.55,18,netbanking,792,12,1,1,True,True,1,True,True,29,False,30.9,False,ITEM_NOT_RECEIVED,Customer says the order never arrived. The merchant claims there is delivery confirmation.
CB-00447,2262.23,8,netbanking,706,13,4,2,True,True,7,True,True,23,True,35.9,False,PRODUCT_NOT_AS_DESCRIBED,The buyer says the delivered product was materially different. They report that they tried to resolve this with the seller.
CB-00448,1975.48,8,card,917,15,0,1,True,True,2,True,False,20,True,7.3,True,PRODUCT_NOT_AS_DESCRIBED,Customer disputes the purchase because the product was not as expected. The customer mentions asking for their money back. They report that they tried to resolve this with the seller.
CB-00449,958.74,33,upi,756,15,0,0,True,True,3,True,True,15,False,5.3,False,ITEM_NOT_RECEIVED,Customer says the order never arrived. The merchant claims there is delivery confirmation.
CB-00450,4041.55,46,upi,914,17,0,0,True,True,1,True,True,22,False,17.0,False,UNAUTHORIZED_TRANSACTION,Customer says they did not authorize this payment. The order appears in their account history.
CB-00451,2173.6,19,wallet,721,10,0,1,True,False,1,False,False,0,False,42.4,False,ITEM_NOT_RECEIVED,The buyer says they are still waiting for the delivery.
CB-00452,1828.33,19,netbanking,635,9,0,1,True,True,2,True,True,15,True,27.7,False,PRODUCT_NOT_AS_DESCRIBED,Buyer claims the item did not match the description. They refer to the original order. The customer says they previously contacted support.
CB-00453,2223.2,84,netbanking,955,10,0,1,True,True,3,True,False,20,True,7.1,False,ITEM_NOT_RECEIVED,Customer reports that the shipment was not received. The customer says they previously contacted support.
CB-00454,1776.89,29,card,592,19,0,0,True,True,3,True,True,27,False,14.6,False,UNAUTHORIZED_TRANSACTION,The buyer says they do not recognize this transaction. They refer to the original order. The merchant claims there is delivery confirmation.
CB-00455,2729.27,8,netbanking,498,11,0,1,True,True,0,True,True,23,False,19.0,False,ITEM_NOT_RECEIVED,Customer says the order never arrived.
CB-00456,2537.13,17,upi,930,10,0,1,True,True,4,True,True,39,False,21.4,False,ITEM_NOT_RECEIVED,Customer says the order never arrived. The order appears in their account history. The seller says delivery was confirmed.
CB-00457,2529.21,12,upi,1042,10,0,1,False,True,0,True,True,25,False,30.0,False,UNAUTHORIZED_TRANSACTION,Buyer disputes the transaction as unauthorized.
CB-00458,6500.43,65,wallet,1006,7,1,3,True,True,2,True,True,24,True,38.2,False,PRODUCT_NOT_AS_DESCRIBED,Buyer claims the item did not match the description. The customer says they previously contacted support. The dispute was filed after the expected delivery period. The merchant claims there is delivery confirmation.
CB-00459,2834.03,34,card,838,7,1,1,False,False,5,True,True,21,True,3.8,False,ITEM_NOT_RECEIVED,Customer disputes the transaction claiming the package was not received. They mention contacting the merchant.
CB-00460,13572.17,17,card,440,15,1,0,True,True,1,True,True,26,True,13.0,True,UNAUTHORIZED_TRANSACTION,The buyer says they do not recognize this transaction. The customer says they previously contacted support. The dispute was filed after the expected delivery period. The seller says delivery was confirmed. The customer mentions asking for their money back.
CB-00461,1346.65,38,upi,383,13,0,0,True,True,4,False,False,0,False,8.7,False,PRODUCT_NOT_AS_DESCRIBED,The buyer says the delivered product was materially different.
CB-00462,1996.97,3,wallet,981,16,0,1,True,True,0,True,False,15,True,13.0,True,UNAUTHORIZED_TRANSACTION,Buyer disputes the transaction as unauthorized. They say they requested a refund. They refer to the original order. They report that they tried to resolve this with the seller.
CB-00463,1504.09,15,netbanking,608,12,0,3,True,True,0,True,True,36,False,15.3,False,PRODUCT_NOT_AS_DESCRIBED,Customer says the product received was different from the listing. The seller says delivery was confirmed.
CB-00464,4274.23,28,netbanking,1065,12,0,1,True,True,2,True,False,15,True,16.0,False,PRODUCT_NOT_AS_DESCRIBED,Customer says the product received was different from the listing. They mention contacting the merchant.
CB-00465,8421.61,27,wallet,1009,10,0,0,True,True,0,False,False,0,False,26.3,False,ITEM_NOT_RECEIVED,Customer reports that the shipment was not received.
CB-00466,5257.54,49,upi,903,10,2,3,True,False,4,False,False,0,True,6.5,True,ITEM_NOT_RECEIVED,The buyer says they are still waiting for the delivery. They say they requested a refund. They mention contacting the merchant.
CB-00467,2020.97,86,wallet,839,13,1,1,True,True,4,True,True,20,True,25.3,False,PRODUCT_NOT_AS_DESCRIBED,Customer disputes the purchase because the product was not as expected. The merchant claims there is delivery confirmation. The customer says they previously contacted support.
CB-00468,1747.54,22,wallet,634,14,0,2,True,True,3,True,False,24,True,8.5,True,PRODUCT_NOT_AS_DESCRIBED,Customer says the product received was different from the listing. The order appears in their account history. They say they requested a refund. They report that they tried to resolve this with the seller.
CB-00469,6805.45,41,netbanking,966,6,0,2,True,False,5,False,False,0,False,7.1,False,UNAUTHORIZED_TRANSACTION,The buyer says they do not recognize this transaction.
CB-00470,1076.88,21,netbanking,1181,12,0,1,True,True,2,False,False,0,True,4.9,False,PRODUCT_NOT_AS_DESCRIBED,Customer disputes the purchase because the product was not as expected. The customer says they previously contacted support.
CB-00471,1279.84,17,upi,688,13,0,1,True,True,0,True,True,17,True,3.6,False,UNAUTHORIZED_TRANSACTION,Customer says they did not authorize this payment. The merchant claims there is delivery confirmation. The dispute was filed after the expected delivery period. They mention contacting the merchant.
CB-00472,956.47,18,netbanking,964,16,1,3,True,False,3,True,True,15,True,6.0,False,UNAUTHORIZED_TRANSACTION,The buyer says they do not recognize this transaction. They mention contacting the merchant.
CB-00473,2126.69,48,wallet,861,9,1,0,True,True,4,True,True,24,False,3.5,False,ITEM_NOT_RECEIVED,The buyer says they are still waiting for the delivery. The seller says delivery was confirmed. The order appears in their account history.
CB-00474,1630.99,33,netbanking,903,13,0,0,True,True,3,False,False,0,False,24.8,False,ITEM_NOT_RECEIVED,Customer disputes the transaction claiming the package was not received.
CB-00475,668.12,37,upi,620,17,0,2,True,True,1,False,False,0,False,3.4,False,ITEM_NOT_RECEIVED,The buyer says they are still waiting for the delivery.
CB-00476,6706.5,31,card,602,15,0,2,True,True,3,True,False,23,True,37.4,False,UNAUTHORIZED_TRANSACTION,Customer claims the card payment was not made by them. The customer says they previously contacted support.
CB-00477,1048.05,53,card,1170,19,0,2,True,True,3,True,True,20,False,23.7,False,ITEM_NOT_RECEIVED,Customer reports that the shipment was not received.
CB-00478,1435.1,54,upi,1006,13,1,2,False,True,6,True,True,34,False,8.4,False,PRODUCT_NOT_AS_DESCRIBED,Customer says the product received was different from the listing. The merchant claims there is delivery confirmation. The order appears in their account history.
CB-00479,1840.08,28,upi,1048,9,4,5,False,True,4,True,True,27,False,17.1,False,ITEM_NOT_RECEIVED,Customer reports that the shipment was not received. The dispute was filed after the expected delivery period.
CB-00480,3637.89,10,netbanking,937,14,0,0,True,True,0,True,False,17,False,23.7,False,ITEM_NOT_RECEIVED,Customer says the order never arrived. The order appears in their account history.
CB-00481,778.94,22,wallet,1232,19,1,1,True,True,4,True,True,24,True,24.4,False,ITEM_NOT_RECEIVED,Customer disputes the transaction claiming the package was not received. They mention contacting the merchant.
CB-00482,862.45,29,card,1009,8,0,1,False,True,5,False,False,0,False,23.2,False,UNAUTHORIZED_TRANSACTION,Customer says they did not authorize this payment.
CB-00483,5464.18,16,card,846,10,1,3,True,True,2,True,True,32,False,13.9,False,UNAUTHORIZED_TRANSACTION,Buyer disputes the transaction as unauthorized. The seller says delivery was confirmed.
CB-00484,2893.1,43,card,1065,12,0,1,True,True,3,True,False,28,True,8.3,False,UNAUTHORIZED_TRANSACTION,The buyer says they do not recognize this transaction. They refer to the original order. They report that they tried to resolve this with the seller.
CB-00485,2425.58,65,netbanking,1153,17,0,1,False,True,6,True,True,22,False,15.4,False,ITEM_NOT_RECEIVED,The buyer says they are still waiting for the delivery. The order appears in their account history. The merchant claims there is delivery confirmation.
CB-00486,1473.14,11,wallet,655,8,1,1,False,False,4,True,True,15,False,21.4,False,UNAUTHORIZED_TRANSACTION,The buyer says they do not recognize this transaction. The seller says delivery was confirmed. They refer to the original order.
CB-00487,3138.5,53,upi,762,13,0,2,True,True,0,True,True,20,False,22.7,False,PRODUCT_NOT_AS_DESCRIBED,Customer says the product received was different from the listing.
CB-00488,2909.65,17,wallet,598,13,0,0,True,True,1,True,True,22,True,36.7,False,UNAUTHORIZED_TRANSACTION,The buyer says they do not recognize this transaction. The customer says they previously contacted support.
CB-00489,3376.69,15,netbanking,742,14,1,3,True,True,2,True,True,21,True,51.5,False,UNAUTHORIZED_TRANSACTION,Buyer disputes the transaction as unauthorized. The seller says delivery was confirmed. The order appears in their account history. They mention contacting the merchant.
CB-00490,1379.76,16,netbanking,884,10,0,1,True,True,3,True,False,27,False,18.0,False,PRODUCT_NOT_AS_DESCRIBED,Buyer claims the item did not match the description.
CB-00491,3175.55,10,upi,1073,12,0,0,True,True,2,True,True,17,True,17.7,True,ITEM_NOT_RECEIVED,Customer disputes the transaction claiming the package was not received. The customer says they previously contacted support. They say they requested a refund.
CB-00492,484.96,22,upi,1262,13,0,0,True,True,2,True,True,16,False,16.0,False,UNAUTHORIZED_TRANSACTION,Buyer disputes the transaction as unauthorized. They refer to the original order.
CB-00493,4328.42,20,netbanking,1066,9,1,0,True,True,1,True,True,23,True,28.5,False,PRODUCT_NOT_AS_DESCRIBED,Customer says the product received was different from the listing. They report that they tried to resolve this with the seller.
CB-00494,2634.33,89,upi,924,11,0,0,True,False,3,True,True,21,True,10.3,True,PRODUCT_NOT_AS_DESCRIBED,Buyer claims the item did not match the description. The order appears in their account history. The merchant claims there is delivery confirmation. The customer says they previously contacted support. The customer mentions asking for their money back.
CB-00495,3290.06,43,netbanking,1506,15,0,1,True,True,2,True,True,17,False,9.6,False,ITEM_NOT_RECEIVED,Customer disputes the transaction claiming the package was not received. The merchant claims there is delivery confirmation.
CB-00496,2782.96,14,card,1095,11,0,1,True,True,3,True,True,28,True,4.0,True,UNAUTHORIZED_TRANSACTION,Customer says they did not authorize this payment. They mention contacting the merchant. They say they requested a refund.
CB-00497,2952.02,29,netbanking,796,13,0,1,True,False,0,False,False,0,False,31.7,False,ITEM_NOT_RECEIVED,Customer reports that the shipment was not received.
CB-00498,8046.54,64,card,738,12,1,3,False,True,6,True,True,18,True,2.4,True,PRODUCT_NOT_AS_DESCRIBED,Customer disputes the purchase because the product was not as expected. The customer says they previously contacted support. The order appears in their account history. The customer mentions asking for their money back.
CB-00499,4345.27,32,netbanking,1016,19,0,2,True,True,1,True,True,19,False,8.0,False,PRODUCT_NOT_AS_DESCRIBED,Buyer claims the item did not match the description.
CB-00500,10102.8,11,netbanking,1040,18,0,1,True,True,1,True,True,23,True,2.8,True,PRODUCT_NOT_AS_DESCRIBED,Buyer claims the item did not match the description. They say they requested a refund. The dispute was filed after the expected delivery period. They report that they tried to resolve this with the seller.
CB-00501,4794.06,84,card,760,8,0,3,True,True,2,True,False,28,True,22.0,False,PRODUCT_NOT_AS_DESCRIBED,The buyer says the delivered product was materially different. They report that they tried to resolve this with the seller. The dispute was filed after the expected delivery period.
CB-00502,2139.88,26,upi,1026,12,0,0,False,False,3,True,True,22,False,10.2,False,PRODUCT_NOT_AS_DESCRIBED,Customer says the product received was different from the listing. The merchant claims there is delivery confirmation.
CB-00503,3702.58,31,netbanking,774,11,0,0,True,True,4,True,False,20,False,34.5,False,ITEM_NOT_RECEIVED,The buyer says they are still waiting for the delivery. The order appears in their account history.
CB-00504,1228.98,20,netbanking,990,9,0,2,True,True,3,True,True,18,False,22.3,False,PRODUCT_NOT_AS_DESCRIBED,The buyer says the delivered product was materially different. The order appears in their account history. The merchant claims there is delivery confirmation.
CB-00505,7405.12,11,card,790,13,1,1,True,True,4,True,False,24,False,29.6,False,UNAUTHORIZED_TRANSACTION,Customer says they did not authorize this payment. They refer to the original order.
CB-00506,2692.27,44,wallet,1061,14,0,1,True,True,5,True,True,29,False,39.4,False,PRODUCT_NOT_AS_DESCRIBED,Buyer claims the item did not match the description. The seller says delivery was confirmed.
CB-00507,1638.27,78,wallet,1287,15,0,1,True,True,3,True,False,11,True,15.1,True,UNAUTHORIZED_TRANSACTION,Customer says they did not authorize this payment. The order appears in their account history. They say they requested a refund. The customer says they previously contacted support.
CB-00508,6643.14,52,netbanking,1684,10,0,1,True,True,3,True,True,22,False,14.9,False,ITEM_NOT_RECEIVED,The buyer says they are still waiting for the delivery. The merchant claims there is delivery confirmation.
CB-00509,938.83,60,upi,1101,14,0,0,True,True,0,True,False,19,False,7.8,False,UNAUTHORIZED_TRANSACTION,Customer says they did not authorize this payment.
CB-00510,3305.74,26,netbanking,908,11,0,1,True,True,1,True,False,19,False,12.7,False,ITEM_NOT_RECEIVED,Customer reports that the shipment was not received.
CB-00511,1595.43,14,upi,1125,10,0,1,True,True,2,True,True,24,False,7.9,False,UNAUTHORIZED_TRANSACTION,The buyer says they do not recognize this transaction. The order appears in their account history. The merchant claims there is delivery confirmation.
CB-00512,1009.97,26,netbanking,824,7,0,0,True,True,6,True,True,23,True,5.8,True,PRODUCT_NOT_AS_DESCRIBED,Customer disputes the purchase because the product was not as expected. They refer to the original order. The customer says they previously contacted support. They say they requested a refund.
CB-00513,5130.16,14,netbanking,1244,16,0,2,False,True,2,False,False,0,False,10.2,False,ITEM_NOT_RECEIVED,Customer says the order never arrived.
CB-00514,3151.02,12,card,784,8,0,2,False,True,2,True,True,16,False,42.9,False,UNAUTHORIZED_TRANSACTION,Customer claims the card payment was not made by them.
CB-00515,1640.84,19,upi,928,9,0,1,True,True,3,True,True,17,False,2.5,False,UNAUTHORIZED_TRANSACTION,Customer says they did not authorize this payment. The order appears in their account history.
CB-00516,8124.25,13,wallet,495,9,1,0,True,True,1,True,True,21,False,9.3,False,ITEM_NOT_RECEIVED,Customer says the order never arrived. The seller says delivery was confirmed. They refer to the original order.
CB-00517,3967.15,72,wallet,780,9,0,3,True,True,2,True,True,22,True,13.8,False,PRODUCT_NOT_AS_DESCRIBED,Buyer claims the item did not match the description. The seller says delivery was confirmed. The customer says they previously contacted support.
CB-00518,2094.65,32,wallet,785,17,1,1,False,True,6,False,False,0,False,27.3,False,UNAUTHORIZED_TRANSACTION,The buyer says they do not recognize this transaction.
CB-00519,939.75,27,upi,698,8,0,4,True,False,4,False,False,0,True,6.6,False,UNAUTHORIZED_TRANSACTION,Customer claims the card payment was not made by them. They report that they tried to resolve this with the seller.
CB-00520,2849.98,31,upi,1134,10,0,0,True,False,8,True,True,15,False,30.2,False,ITEM_NOT_RECEIVED,Customer says the order never arrived. They refer to the original order.
CB-00521,1727.67,9,upi,1407,19,0,1,True,False,2,True,True,20,False,23.1,False,UNAUTHORIZED_TRANSACTION,Customer says they did not authorize this payment.
CB-00522,973.51,25,wallet,1527,13,0,2,True,True,3,True,True,14,False,20.3,False,UNAUTHORIZED_TRANSACTION,Buyer disputes the transaction as unauthorized. The merchant claims there is delivery confirmation. The order appears in their account history.
CB-00523,1270.46,17,wallet,1126,12,0,2,False,True,2,True,True,37,True,18.2,False,ITEM_NOT_RECEIVED,Customer disputes the transaction claiming the package was not received. They mention contacting the merchant.
CB-00524,3035.0,50,card,1037,15,0,2,True,True,3,True,False,19,False,12.2,False,ITEM_NOT_RECEIVED,Customer reports that the shipment was not received. The dispute was filed after the expected delivery period.
CB-00525,2823.35,27,upi,765,9,0,0,True,True,2,True,True,9,False,10.2,False,UNAUTHORIZED_TRANSACTION,Buyer disputes the transaction as unauthorized. The merchant claims there is delivery confirmation.
CB-00526,3718.0,13,wallet,758,13,0,0,True,False,0,True,True,33,False,3.5,False,ITEM_NOT_RECEIVED,Customer reports that the shipment was not received.
CB-00527,4427.07,29,wallet,878,4,0,3,True,True,2,True,True,20,True,98.0,False,PRODUCT_NOT_AS_DESCRIBED,Customer says the product received was different from the listing. They report that they tried to resolve this with the seller.
CB-00528,2341.37,34,card,724,13,0,1,True,True,2,True,False,26,False,3.3,False,UNAUTHORIZED_TRANSACTION,The buyer says they do not recognize this transaction. The dispute was filed after the expected delivery period.
CB-00529,1281.69,7,card,1011,18,0,0,True,True,3,False,False,0,True,22.9,False,PRODUCT_NOT_AS_DESCRIBED,Customer says the product received was different from the listing. They report that they tried to resolve this with the seller.
CB-00530,19016.36,6,netbanking,1061,14,0,1,True,False,1,True,True,24,False,9.1,False,ITEM_NOT_RECEIVED,The buyer says they are still waiting for the delivery. The seller says delivery was confirmed.
CB-00531,4666.92,37,wallet,722,11,0,1,True,True,5,True,True,27,True,81.4,True,PRODUCT_NOT_AS_DESCRIBED,Customer says the product received was different from the listing. They mention contacting the merchant. The customer mentions asking for their money back. The dispute was filed after the expected delivery period.
CB-00532,5264.99,37,wallet,857,12,2,1,True,True,2,True,False,16,False,7.5,False,ITEM_NOT_RECEIVED,The buyer says they are still waiting for the delivery.
CB-00533,2329.38,27,wallet,1122,20,0,0,True,False,2,True,True,21,False,17.3,False,ITEM_NOT_RECEIVED,The buyer says they are still waiting for the delivery. The seller says delivery was confirmed.
CB-00534,3966.54,10,netbanking,797,13,2,1,True,True,3,True,True,28,False,2.6,False,UNAUTHORIZED_TRANSACTION,The buyer says they do not recognize this transaction.
CB-00535,5657.65,40,upi,1045,21,1,2,True,True,2,True,False,22,False,35.4,False,ITEM_NOT_RECEIVED,The buyer says they are still waiting for the delivery.
CB-00536,548.37,30,netbanking,1259,10,0,0,True,True,3,True,True,29,False,2.5,False,UNAUTHORIZED_TRANSACTION,Customer claims the card payment was not made by them.
CB-00537,1309.32,35,upi,946,9,1,0,True,True,2,True,True,26,False,48.6,False,ITEM_NOT_RECEIVED,Customer reports that the shipment was not received. They refer to the original order.
CB-00538,3757.52,32,netbanking,855,5,1,1,True,True,4,True,False,30,False,8.7,False,PRODUCT_NOT_AS_DESCRIBED,Customer says the product received was different from the listing.
CB-00539,3399.49,24,card,1218,13,0,3,True,True,2,True,False,26,False,10.5,False,ITEM_NOT_RECEIVED,The buyer says they are still waiting for the delivery.
CB-00540,7719.48,34,upi,855,10,0,2,True,True,4,True,True,22,True,10.5,False,UNAUTHORIZED_TRANSACTION,Customer says they did not authorize this payment. The order appears in their account history. They mention contacting the merchant.
CB-00541,1163.71,4,wallet,797,16,0,2,True,True,2,False,False,0,True,15.2,True,ITEM_NOT_RECEIVED,Customer says the order never arrived. The customer says they previously contacted support. They say they requested a refund.
CB-00542,656.69,32,wallet,983,13,0,2,True,True,2,True,True,16,False,45.0,False,UNAUTHORIZED_TRANSACTION,The buyer says they do not recognize this transaction. The merchant claims there is delivery confirmation.
CB-00543,2011.92,24,netbanking,1224,11,0,2,True,True,2,True,True,33,True,11.0,False,ITEM_NOT_RECEIVED,Customer reports that the shipment was not received. They report that they tried to resolve this with the seller. They refer to the original order.
CB-00544,2203.16,30,upi,869,12,0,4,True,True,1,True,True,20,False,4.2,False,UNAUTHORIZED_TRANSACTION,Customer claims the card payment was not made by them.
CB-00545,3299.39,38,card,804,16,0,0,True,True,3,True,True,19,True,9.8,True,UNAUTHORIZED_TRANSACTION,The buyer says they do not recognize this transaction. They say they requested a refund. They mention contacting the merchant.
CB-00546,2885.89,12,upi,990,17,1,0,True,True,3,False,False,0,False,15.8,False,ITEM_NOT_RECEIVED,Customer disputes the transaction claiming the package was not received.
CB-00547,987.97,44,wallet,910,13,0,1,True,True,1,True,True,26,True,18.4,False,UNAUTHORIZED_TRANSACTION,Customer says they did not authorize this payment. The order appears in their account history. They report that they tried to resolve this with the seller.
CB-00548,3573.73,85,netbanking,765,10,0,1,True,True,5,False,False,0,True,27.9,False,ITEM_NOT_RECEIVED,The buyer says they are still waiting for the delivery. They report that they tried to resolve this with the seller.
CB-00549,1189.65,38,netbanking,830,9,2,2,False,True,1,True,True,8,True,5.8,False,PRODUCT_NOT_AS_DESCRIBED,The buyer says the delivered product was materially different. The customer says they previously contacted support. The merchant claims there is delivery confirmation.
CB-00550,1076.23,20,wallet,889,10,0,0,True,True,6,True,True,30,False,8.0,False,UNAUTHORIZED_TRANSACTION,Customer says they did not authorize this payment. The dispute was filed after the expected delivery period.
CB-00551,3819.27,26,netbanking,820,11,3,0,False,True,4,True,False,31,False,22.9,False,UNAUTHORIZED_TRANSACTION,Customer claims the card payment was not made by them.
CB-00552,1734.86,6,card,997,19,0,1,True,True,3,True,True,29,False,19.4,False,UNAUTHORIZED_TRANSACTION,Customer claims the card payment was not made by them.
CB-00553,1938.34,38,netbanking,889,19,0,1,False,True,3,True,True,27,False,2.0,False,UNAUTHORIZED_TRANSACTION,Customer claims the card payment was not made by them. The dispute was filed after the expected delivery period.
CB-00554,1458.13,38,wallet,1357,15,0,0,True,True,3,True,True,24,False,11.3,False,ITEM_NOT_RECEIVED,The buyer says they are still waiting for the delivery.
CB-00555,1120.67,38,wallet,1025,13,0,1,True,True,6,False,False,0,False,35.3,False,PRODUCT_NOT_AS_DESCRIBED,Customer disputes the purchase because the product was not as expected.
CB-00556,2180.56,66,wallet,751,11,1,1,True,True,4,True,True,20,False,21.6,False,UNAUTHORIZED_TRANSACTION,The buyer says they do not recognize this transaction. The order appears in their account history.
CB-00557,1088.96,32,upi,885,8,0,1,True,False,3,True,True,26,False,9.4,False,PRODUCT_NOT_AS_DESCRIBED,Customer disputes the purchase because the product was not as expected. The seller says delivery was confirmed.
CB-00558,3962.44,20,netbanking,761,7,1,1,True,True,4,False,False,0,False,7.0,False,PRODUCT_NOT_AS_DESCRIBED,Customer disputes the purchase because the product was not as expected.
CB-00559,1432.31,4,upi,852,26,0,2,True,True,1,False,False,0,True,4.4,False,ITEM_NOT_RECEIVED,The buyer says they are still waiting for the delivery. They mention contacting the merchant.
CB-00560,1146.77,22,upi,741,13,0,1,True,True,2,True,True,32,True,14.9,False,UNAUTHORIZED_TRANSACTION,Customer claims the card payment was not made by them. They report that they tried to resolve this with the seller.
CB-00561,846.05,14,netbanking,796,18,0,2,True,False,4,True,True,13,True,11.0,False,ITEM_NOT_RECEIVED,Customer says the order never arrived. They mention contacting the merchant. The dispute was filed after the expected delivery period.
CB-00562,1887.78,27,netbanking,1084,19,0,2,True,True,4,True,True,16,False,5.7,False,UNAUTHORIZED_TRANSACTION,Customer claims the card payment was not made by them. The merchant claims there is delivery confirmation.
CB-00563,6108.46,22,card,846,13,2,1,False,True,4,True,False,6,True,25.0,False,UNAUTHORIZED_TRANSACTION,Customer says they did not authorize this payment. The customer says they previously contacted support.
CB-00564,2263.17,17,card,973,17,0,1,True,True,1,True,False,18,False,6.6,False,PRODUCT_NOT_AS_DESCRIBED,The buyer says the delivered product was materially different.
CB-00565,4767.02,44,card,1048,17,0,1,True,True,0,True,False,16,False,9.7,False,UNAUTHORIZED_TRANSACTION,Buyer disputes the transaction as unauthorized. The order appears in their account history.
CB-00566,956.66,10,wallet,1166,22,0,0,True,True,5,True,True,33,False,50.2,False,UNAUTHORIZED_TRANSACTION,The buyer says they do not recognize this transaction. The dispute was filed after the expected delivery period. The merchant claims there is delivery confirmation.
CB-00567,6189.11,2,upi,1062,12,1,0,True,True,3,True,True,15,False,4.3,False,UNAUTHORIZED_TRANSACTION,Customer claims the card payment was not made by them. The seller says delivery was confirmed.
CB-00568,1306.15,30,upi,721,10,1,6,True,True,2,True,True,21,False,12.3,False,ITEM_NOT_RECEIVED,Customer disputes the transaction claiming the package was not received. The order appears in their account history. The seller says delivery was confirmed.
CB-00569,1308.16,6,wallet,816,16,0,2,True,True,3,True,True,15,False,16.3,False,UNAUTHORIZED_TRANSACTION,The buyer says they do not recognize this transaction. The order appears in their account history.
CB-00570,1674.28,27,netbanking,666,15,0,1,True,True,9,True,True,21,False,8.2,False,PRODUCT_NOT_AS_DESCRIBED,Customer says the product received was different from the listing.
CB-00571,1435.6,18,upi,989,9,1,2,False,True,1,True,True,32,False,10.1,False,PRODUCT_NOT_AS_DESCRIBED,Customer says the product received was different from the listing.
CB-00572,2952.19,44,upi,931,10,0,1,True,False,0,False,False,0,True,20.5,False,ITEM_NOT_RECEIVED,The buyer says they are still waiting for the delivery. The customer says they previously contacted support.
CB-00573,1766.81,29,card,565,13,0,3,True,True,2,True,True,6,False,5.7,False,ITEM_NOT_RECEIVED,Customer reports that the shipment was not received. The merchant claims there is delivery confirmation.
CB-00574,564.24,42,netbanking,664,8,3,0,True,True,3,True,True,22,False,22.9,False,ITEM_NOT_RECEIVED,The buyer says they are still waiting for the delivery. The dispute was filed after the expected delivery period.
CB-00575,2738.91,50,wallet,1154,12,0,1,True,True,5,True,True,32,False,8.4,False,UNAUTHORIZED_TRANSACTION,Buyer disputes the transaction as unauthorized. The merchant claims there is delivery confirmation. They refer to the original order.
CB-00576,4420.16,24,card,969,8,0,1,True,True,1,True,True,22,True,21.4,True,UNAUTHORIZED_TRANSACTION,Buyer disputes the transaction as unauthorized. They say they requested a refund. The order appears in their account history. They mention contacting the merchant.
CB-00577,2033.92,15,card,871,12,0,0,False,True,1,True,False,13,True,37.4,True,UNAUTHORIZED_TRANSACTION,The buyer says they do not recognize this transaction. The customer mentions asking for their money back. They report that they tried to resolve this with the seller.
CB-00578,5532.89,19,card,963,18,0,3,True,True,2,True,True,19,False,18.8,False,PRODUCT_NOT_AS_DESCRIBED,Customer says the product received was different from the listing. The merchant claims there is delivery confirmation.
CB-00579,3066.47,15,wallet,1059,11,1,2,True,True,4,True,True,24,False,4.5,False,UNAUTHORIZED_TRANSACTION,The buyer says they do not recognize this transaction. The merchant claims there is delivery confirmation. They refer to the original order.
CB-00580,1717.33,7,card,725,12,2,1,True,True,0,True,True,23,True,40.2,False,PRODUCT_NOT_AS_DESCRIBED,Customer disputes the purchase because the product was not as expected. The customer says they previously contacted support.
CB-00581,3717.8,7,upi,1125,8,0,0,True,True,3,True,True,22,True,22.9,True,UNAUTHORIZED_TRANSACTION,The buyer says they do not recognize this transaction. They say they requested a refund. They mention contacting the merchant. The merchant claims there is delivery confirmation. The order appears in their account history.
CB-00582,2879.57,32,wallet,1347,10,0,1,True,False,5,True,True,24,False,5.5,False,UNAUTHORIZED_TRANSACTION,Customer claims the card payment was not made by them. The dispute was filed after the expected delivery period. The merchant claims there is delivery confirmation.
CB-00583,2403.23,22,upi,1069,14,0,0,True,True,1,True,True,29,True,26.4,False,UNAUTHORIZED_TRANSACTION,Customer says they did not authorize this payment. They mention contacting the merchant.
CB-00584,2242.82,16,wallet,1053,12,1,3,True,True,2,False,False,0,False,3.9,False,PRODUCT_NOT_AS_DESCRIBED,Buyer claims the item did not match the description.
CB-00585,1398.15,29,card,623,13,0,0,True,True,4,True,True,27,False,3.8,False,ITEM_NOT_RECEIVED,Customer says the order never arrived.
CB-00586,3676.01,9,netbanking,734,9,1,2,True,True,2,True,True,17,False,8.1,False,UNAUTHORIZED_TRANSACTION,Customer claims the card payment was not made by them. The order appears in their account history.
CB-00587,1537.65,26,netbanking,714,11,0,1,True,True,3,True,True,25,True,4.9,True,ITEM_NOT_RECEIVED,The buyer says they are still waiting for the delivery. The customer mentions asking for their money back. The order appears in their account history. The merchant claims there is delivery confirmation. They report that they tried to resolve this with the seller.
CB-00588,958.31,71,netbanking,1114,17,0,0,True,True,3,True,True,16,False,6.1,False,UNAUTHORIZED_TRANSACTION,The buyer says they do not recognize this transaction. The merchant claims there is delivery confirmation.
CB-00589,1458.39,15,netbanking,701,9,0,2,True,True,2,True,True,11,False,5.1,False,UNAUTHORIZED_TRANSACTION,Buyer disputes the transaction as unauthorized. They refer to the original order.
CB-00590,3120.67,14,wallet,835,14,3,1,True,True,3,True,True,38,False,1.9,False,UNAUTHORIZED_TRANSACTION,The buyer says they do not recognize this transaction.
CB-00591,848.94,12,card,593,11,0,1,True,True,4,True,True,17,False,17.5,False,ITEM_NOT_RECEIVED,Customer disputes the transaction claiming the package was not received. The merchant claims there is delivery confirmation.
CB-00592,2306.92,24,wallet,964,15,0,2,True,True,1,True,True,17,False,20.7,False,ITEM_NOT_RECEIVED,Customer reports that the shipment was not received.
CB-00593,5648.01,17,wallet,925,13,0,1,True,True,4,True,True,17,False,23.1,False,ITEM_NOT_RECEIVED,The buyer says they are still waiting for the delivery.
CB-00594,2128.29,14,upi,667,15,0,1,True,True,2,True,True,27,True,31.1,True,PRODUCT_NOT_AS_DESCRIBED,The buyer says the delivered product was materially different. The customer says they previously contacted support. The merchant claims there is delivery confirmation. They say they requested a refund.
CB-00595,1092.42,12,upi,1106,22,0,1,True,True,2,True,True,27,True,7.1,False,ITEM_NOT_RECEIVED,The buyer says they are still waiting for the delivery. They report that they tried to resolve this with the seller.
CB-00596,929.04,4,wallet,1050,17,1,2,True,True,0,True,True,12,True,13.3,False,ITEM_NOT_RECEIVED,Customer disputes the transaction claiming the package was not received. The dispute was filed after the expected delivery period. The customer says they previously contacted support.
CB-00597,1640.81,16,card,1018,16,2,0,True,True,5,True,True,29,False,10.3,False,PRODUCT_NOT_AS_DESCRIBED,Customer says the product received was different from the listing. The seller says delivery was confirmed.
CB-00598,1424.69,25,upi,948,10,0,0,True,True,2,True,True,18,True,16.5,True,UNAUTHORIZED_TRANSACTION,Customer says they did not authorize this payment. They refer to the original order. The customer says they previously contacted support. The customer mentions asking for their money back. The merchant claims there is delivery confirmation.
CB-00599,1498.37,22,wallet,1066,12,0,2,True,True,2,True,True,20,True,6.7,True,ITEM_NOT_RECEIVED,Customer reports that the shipment was not received. The customer mentions asking for their money back. They report that they tried to resolve this with the seller. They refer to the original order. The merchant claims there is delivery confirmation.
CB-00600,926.93,15,wallet,814,15,1,2,True,True,5,False,False,0,False,25.0,False,ITEM_NOT_RECEIVED,Customer reports that the shipment was not received.
